,sentiment,caps,logcaps,Financials,Consumer Discretionary,Industrials,Information Technology,Health Care,Energy,Consumer Staples,Utilities,Materials,Telecommunications Services
A,1,16830000000.0,23.5464288451,0,0,0,0,1,0,0,0,0,0
AAL,-1,20780000000.0,23.7572568226,0,0,1,0,0,0,0,0,0,0
AAP,1,11300000000.0,23.1480685627,0,1,0,0,0,0,0,0,0,0
AAPL,1,7.2922e+11,27.3152413067,0,0,0,1,0,0,0,0,0,0
ABBV,1,1.0467e+11,25.3740783808,0,0,0,0,1,0,0,0,0,0
ABC,2,19300000000.0,23.6833709329,0,0,0,0,1,0,0,0,0,0
ABT,0,77410000000.0,25.0723818082,0,0,0,0,1,0,0,0,0,0
ADBE,-2,60000000000.0,24.8176103992,0,0,0,1,0,0,0,0,0,0
ADI,-1,25870000000.0,23.9763498331,0,0,0,1,0,0,0,0,0,0
ADM,1,25510000000.0,23.9623363691,0,0,0,0,0,0,1,0,0,0
ADP,-1,46670000000.0,24.5663673969,0,0,0,1,0,0,0,0,0,0
ADS,1,13730000000.0,23.3428490567,0,0,0,1,0,0,0,0,0,0
ADSK,1,18990000000.0,23.6671783618,0,0,0,1,0,0,0,0,0,0
AEP,1,32350000000.0,24.1998798579,0,0,0,0,0,0,0,1,0,0
AES,-1,7250000000.0,22.7042673058,0,0,0,0,0,0,0,1,0,0
AET,-1,46410000000.0,24.5607807902,0,0,0,0,1,0,0,0,0,0
AFL,-1,28840000000.0,24.0850291494,1,0,0,0,0,0,0,0,0,0
AGN,1,80270000000.0,25.1086617891,0,0,0,0,1,0,0,0,0,0
AIG,-1,61590000000.0,24.8437653566,1,0,0,0,0,0,0,0,0,0
AIZ,0,5540000000.0,22.4352603377,1,0,0,0,0,0,0,0,0,0
AJG,-1,10150000000.0,23.0407395424,1,0,0,0,0,0,0,0,0,0
AKAM,1,11020000000.0,23.1229776407,0,0,0,1,0,0,0,0,0,0
ALB,-1,11700000000.0,23.1828546788,0,0,0,0,0,0,0,0,1,0
ALK,0,11670000000.0,23.1802872832,0,0,1,0,0,0,0,0,0,0
ALL,1,30010000000.0,24.1247964964,1,0,0,0,0,0,0,0,0,0
ALXN,-1,27310000000.0,24.0305187724,0,0,0,0,1,0,0,0,0,0
AMAT,-1,41330000000.0,24.4448544655,0,0,0,1,0,0,0,0,0,0
AME,1,12280000000.0,23.2312377597,0,0,1,0,0,0,0,0,0,0
AMG,0,9320000000.0,22.9554284656,1,0,0,0,0,0,0,0,0,0
AMGN,-1,1.3265e+11,25.6109799175,0,0,0,0,1,0,0,0,0,0
AMP,1,20400000000.0,23.7388007378,1,0,0,0,0,0,0,0,0,0
AMT,0,48710000000.0,24.6091501848,0,0,0,0,0,0,0,0,0,0
AMZN,-1,4.068e+11,26.7315875011,0,1,0,0,0,0,0,0,0,0
AN,1,4520000000.0,22.2317778308,0,1,0,0,0,0,0,0,0,0
ANTM,1,43670000000.0,24.4999272044,0,0,0,0,1,0,0,0,0,0
AON,1,31100000000.0,24.1604736561,1,0,0,0,0,0,0,0,0,0
APA,1,19110000000.0,23.6734775952,0,0,0,0,0,1,0,0,0,0
APC,-1,34550000000.0,24.2656733872,0,0,0,0,0,1,0,0,0,0
APD,-1,29630000000.0,24.1120531985,0,0,0,0,0,0,0,0,1,0
APH,-1,21830000000.0,23.8065510075,0,0,0,1,0,0,0,0,0,0
ATVI,1,36900000000.0,24.331477388,0,0,0,1,0,0,0,0,0,0
AVB,0,24530000000.0,23.9231626952,0,0,0,0,0,0,0,0,0,0
AVGO,1,89520000000.0,25.217727901,0,0,0,1,0,0,0,0,0,0
AVY,1,7040000000.0,22.6748740071,0,0,0,0,0,0,0,0,1,0
AWK,1,13550000000.0,23.3296523843,0,0,0,0,0,0,0,1,0,0
AXP,1,71820000000.0,24.9974288257,1,0,0,0,0,0,0,0,0,0
AYI,-1,9010000000.0,22.9216009086,0,0,1,0,0,0,0,0,0,0
AZO,1,20760000000.0,23.7562938952,0,1,0,0,0,0,0,0,0,0
BA,1,1.0947e+11,25.4189163761,0,0,1,0,0,0,0,0,0,0
BAC,0,2.6628e+11,26.3078142237,1,0,0,0,0,0,0,0,0,0
BAX,-1,28030000000.0,24.0565412021,0,0,0,0,1,0,0,0,0,0
BBBY,-1,5800000000.0,22.4811237545,0,1,0,0,0,0,0,0,0,0
BBT,-1,38420000000.0,24.3718439943,1,0,0,0,0,0,0,0,0,0
BBY,1,13900000000.0,23.3551546771,0,1,0,0,0,0,0,0,0,0
BCR,-1,17950000000.0,23.6108559519,0,0,0,0,1,0,0,0,0,0
BDX,1,38940000000.0,24.3852878369,0,0,0,0,1,0,0,0,0,0
BF.B,0,24020000000.0,23.9021526536,0,0,0,0,0,0,1,0,0,0
BHI,1,63160000000.0,24.8689370263,0,0,0,0,0,1,0,0,0,0
BIIB,-1,50070000000.0,24.6366878633,0,0,0,0,1,0,0,0,0,0
BK,-1,62520000000.0,24.8587523425,1,0,0,0,0,0,0,0,0,0
BLK,-1,12960000000.0,23.2851335279,1,0,0,0,0,0,0,0,0,0
BLL,1,94830000000.0,25.2753516518,0,0,0,0,0,0,0,0,1,0
BMY,-1,33310000000.0,24.2291234892,0,0,0,0,1,0,0,0,0,0
BRK.B,0,9150000000.0,22.9370197162,1,0,0,0,0,0,0,0,0,0
BSX,-1,,,0,0,0,0,1,0,0,0,0,0
BWA,1,19990000000.0,23.7184979855,0,1,0,0,0,0,0,0,0,0
BXP,1,1.7023e+11,25.8604163008,0,0,0,0,0,0,0,0,0,0
C,-1,17950000000.0,23.6108559519,1,0,0,0,0,0,0,0,0,0
CAG,-1,53870000000.0,24.7098395736,0,0,0,0,0,0,1,0,0,0
CAT,2,63970000000.0,24.8816800604,0,0,1,0,0,0,0,0,0,0
CB,-1,11790000000.0,23.1905175515,1,0,0,0,0,0,0,0,0,0
CBG,0,6530000000.0,22.5996727802,0,0,0,0,0,0,0,0,0,0
CBOE,0,27850000000.0,24.0500988033,1,0,0,0,0,0,0,0,0,0
CBS,0,32320000000.0,24.1989520706,0,1,0,0,0,0,0,0,0,0
CCI,1,41370000000.0,24.4458218174,0,0,0,0,0,0,0,0,0,0
CCL,-1,97000000000.0,25.2979768154,0,1,0,0,0,0,0,0,0,0
CELG,1,,,0,0,0,0,1,0,0,0,0,0
CERN,1,18160000000.0,23.6224872101,0,0,0,0,1,0,0,0,0,0
CF,1,6690000000.0,22.6238797111,0,0,0,0,0,0,0,0,1,0
CFG,0,18930000000.0,23.6640138022,1,0,0,0,0,0,0,0,0,0
CHD,1,12670000000.0,23.2625028313,0,0,0,0,0,0,1,0,0,0
CHK,-1,4640000000.0,22.2579802032,0,0,0,0,0,1,0,0,0,0
CHRW,1,11100000000.0,23.1302109453,0,0,1,0,0,0,0,0,0,0
CHTR,0,87290000000.0,25.1925017457,0,1,0,0,0,0,0,0,0,0
CI,0,39470000000.0,24.3988067266,0,0,0,0,1,0,0,0,0,0
CINF,1,12210000000.0,23.2255211251,1,0,0,0,0,0,0,0,0,0
CL,-1,65020000000.0,24.8979607518,0,0,0,0,0,0,1,0,0,0
CLX,1,17650000000.0,23.5940016203,0,0,0,0,0,0,1,0,0,0
CMA,-1,12570000000.0,23.2545788595,1,0,0,0,0,0,0,0,0,0
CMCSA,1,1.774e+11,25.9016729068,0,1,0,0,0,0,0,0,0,0
CME,-1,42270000000.0,24.4673434515,1,0,0,0,0,0,0,0,0,0
CMG,1,11600000000.0,23.1742709351,0,1,0,0,0,0,0,0,0,0
CMI,1,25270000000.0,23.9528837583,0,0,1,0,0,0,0,0,0,0
CMS,-1,12370000000.0,23.2385400234,0,0,0,0,0,0,0,1,0,0
CNC,-1,11610000000.0,23.1751326327,0,0,0,0,1,0,0,0,0,0
CNP,-1,11840000000.0,23.1947494664,0,0,0,0,0,0,0,1,0,0
COF,-2,44050000000.0,24.5085911893,1,0,0,0,0,0,0,0,0,0
COG,1,10380000000.0,23.0631467147,0,0,0,0,0,1,0,0,0,0
COH,1,10940000000.0,23.1156916339,0,1,0,0,0,0,0,0,0,0
COL,1,12810000000.0,23.2734919529,0,0,1,0,0,0,0,0,0,0
COP,-1,55540000000.0,24.7403693188,0,0,0,0,0,1,0,0,0,0
COST,2,72530000000.0,25.0072661063,0,0,0,0,0,0,1,0,0,0
COTY,-1,14140000000.0,23.3722734974,0,0,0,0,0,0,1,0,0,0
CPB,1,18040000000.0,23.6158573516,0,0,0,0,0,0,1,0,0,0
CRM,0,59080000000.0,24.8021582946,0,0,0,1,0,0,0,0,0,0
CSCO,-1,1.7087e+11,25.8641688704,0,0,0,1,0,0,0,0,0,0
CSRA,0,4720000000.0,22.2750746365,0,0,0,1,0,0,0,0,0,0
CSX,0,44310000000.0,24.5144762222,0,0,1,0,0,0,0,0,0,0
CTAS,1,12440000000.0,23.2441829243,0,0,1,0,0,0,0,0,0,0
CTL,-1,12760000000.0,23.2695811149,0,0,0,0,0,0,0,0,0,1
CTSH,-1,36010000000.0,24.3070625146,0,0,0,1,0,0,0,0,0,0
CTXS,-2,12820000000.0,23.2742722884,0,0,0,1,0,0,0,0,0,0
CVS,1,84760000000.0,25.1630895703,0,0,0,0,0,0,1,0,0,0
CVX,-1,2.0324e+11,26.0376533837,0,0,0,0,0,1,0,0,0,0
CXO,-1,18620000000.0,23.6475021088,0,0,0,0,0,1,0,0,0,0
D,-1,47940000000.0,24.593216066,0,0,0,0,0,0,0,1,0,0
DAL,0,33690000000.0,24.2404668944,0,0,1,0,0,0,0,0,0,0
DD,1,69530000000.0,24.9650241511,0,0,0,0,0,0,0,0,1,0
DE,-1,34760000000.0,24.2717331373,0,0,1,0,0,0,0,0,0,0
DFS,0,27680000000.0,24.0439759677,1,0,0,0,0,0,0,0,0,0
DG,1,20120000000.0,23.7249801822,0,1,0,0,0,0,0,0,0,0
DGX,-1,13570000000.0,23.3311273108,0,0,0,0,1,0,0,0,0,0
DHI,-1,12290000000.0,23.2320517605,0,1,0,0,0,0,0,0,0,0
DHR,-1,60220000000.0,24.82127036,0,0,0,0,1,0,0,0,0,0
DIS,1,1.7759e+11,25.9027433596,0,1,0,0,0,0,0,0,0,0
DLPH,0,21830000000.0,23.8065510075,0,1,0,0,0,0,0,0,0,0
DLTR,1,17520000000.0,23.5866089225,0,1,0,0,0,0,0,0,0,0
DNB,-1,3940000000.0,22.0944465603,0,0,1,0,0,0,0,0,0,0
DOV,1,11980000000.0,23.2065044296,0,0,1,0,0,0,0,0,0,0
DOW,1,77260000000.0,25.0704421942,0,0,0,0,0,0,0,0,1,0
DPS,1,17330000000.0,23.5757049407,0,0,0,0,0,0,1,0,0,0
DRI,-1,9260000000.0,22.9489698856,0,1,0,0,0,0,0,0,0,0
DTE,0,18030000000.0,23.6153028742,0,0,0,0,0,0,0,1,0,0
DUK,-1,56580000000.0,24.7589214028,0,0,0,0,0,0,0,1,0,0
DVA,0,13370000000.0,23.3162792281,0,0,0,0,1,0,0,0,0,0
DVN,1,20990000000.0,23.7673119708,0,0,0,0,0,1,0,0,0,0
EA,1,28020000000.0,24.0561843779,0,0,0,1,0,0,0,0,0,0
EBAY,1,35720000000.0,24.298976593,0,0,0,1,0,0,0,0,0,0
ED,-1,23310000000.0,23.87214829,0,0,0,0,0,0,0,1,0,0
EFX,1,16000000000.0,23.4958545592,0,0,1,0,0,0,0,0,0,0
EIX,-1,25550000000.0,23.9639031536,0,0,0,0,0,0,0,1,0,0
EL,1,31060000000.0,24.1591866547,0,0,0,0,0,0,1,0,0,0
EMN,1,11320000000.0,23.1498369097,0,0,0,0,0,0,0,0,1,0
EMR,1,38040000000.0,24.3619040746,0,0,1,0,0,0,0,0,0,0
EQIX,0,27320000000.0,24.0308848716,0,0,0,0,0,0,0,0,0,0
EQR,1,22880000000.0,23.8535290035,0,0,0,0,0,0,0,0,0,0
EQT,0,9910000000.0,23.0168101853,0,0,0,0,0,1,0,0,0,0
ES,1,18480000000.0,23.6399549032,0,0,0,0,0,0,0,1,0,0
ESRX,1,40490000000.0,24.424320867,0,0,0,0,1,0,0,0,0,0
ETFC,-1,9740000000.0,22.9995069546,1,0,0,0,0,0,0,0,0,0
ETN,2,32300000000.0,24.1983330672,0,0,1,0,0,0,0,0,0,0
ETR,-1,13250000000.0,23.3072633894,0,0,0,0,0,0,0,1,0,0
EVHC,0,7490000000.0,22.7368346345,0,0,0,0,1,0,0,0,0,0
EW,0,19940000000.0,23.7159936015,0,0,0,0,1,0,0,0,0,0
EXC,1,33020000000.0,24.2203792754,0,0,0,0,0,0,0,1,0,0
EXPD,-1,10130000000.0,23.0387671552,0,0,1,0,0,0,0,0,0,0
EXR,-1,9310000000.0,22.9543549282,0,0,0,0,0,0,0,0,0,0
F,0,49880000000.0,24.6328859578,0,1,0,0,0,0,0,0,0,0
FAST,0,14660000000.0,23.4083885334,0,0,1,0,0,0,0,0,0,0
FB,1,4.0263e+11,26.721283863,0,0,0,1,0,0,0,0,0,0
FBHS,1,9190000000.0,22.9413817733,0,0,1,0,0,0,0,0,0,0
FCX,-1,17730000000.0,23.598523957,0,0,0,0,0,0,0,0,1,0
FDX,1,51000000000.0,24.6550914697,0,0,1,0,0,0,0,0,0,0
FFIV,1,9400000000.0,22.9639755262,0,0,0,1,0,0,0,0,0,0
FIS,1,27110000000.0,24.0231685005,0,0,0,1,0,0,0,0,0,0
FISV,-1,25180000000.0,23.9493158656,0,0,0,1,0,0,0,0,0,0
FL,1,10110000000.0,23.03679087,0,1,0,0,0,0,0,0,0,0
FLIR,0,4960000000.0,22.3246715777,0,0,0,1,0,0,0,0,0,0
FLR,-1,7540000000.0,22.743488019,0,0,1,0,0,0,0,0,0,0
FLS,1,5940000000.0,22.5049749703,0,0,1,0,0,0,0,0,0,0
FMC,1,7970000000.0,22.7989503297,0,0,0,0,0,0,0,0,1,0
FRT,-1,9350000000.0,22.9586421802,0,0,0,0,0,0,0,0,0,0
FTI,1,3730000000.0,22.0396740706,0,0,0,0,0,1,0,0,0,0
FTR,1,2830000000.0,21.7635425486,0,0,0,0,0,0,0,0,0,1
GD,-1,57170000000.0,24.7692951222,0,0,1,0,0,0,0,0,0,0
GE,0,2.5773e+11,26.2751783623,0,0,1,0,0,0,0,0,0,0
GGP,1,20320000000.0,23.7348714597,0,0,0,0,0,0,0,0,0,0
GILD,1,88580000000.0,25.2071719354,0,0,0,0,1,0,0,0,0,0
GIS,-1,35070000000.0,24.2806119011,0,0,0,0,0,0,1,0,0,0
GLW,-1,24920000000.0,23.9389365309,0,0,0,1,0,0,0,0,0,0
GM,0,55360000000.0,24.7371231483,0,1,0,0,0,0,0,0,0,0
GPC,1,13960000000.0,23.3594619343,0,1,0,0,0,0,0,0,0,0
GPN,-1,12040000000.0,23.2115002768,0,0,0,1,0,0,0,0,0,0
GPS,-1,9460000000.0,22.97033822,0,1,0,0,0,0,0,0,0,0
GRMN,1,9700000000.0,22.9953917225,0,1,0,0,0,0,0,0,0,0
GS,-1,1.0276e+11,25.3556620092,1,0,0,0,0,0,0,0,0,0
GT,1,9160000000.0,22.9381120156,0,1,0,0,0,0,0,0,0,0
GWW,-2,14390000000.0,23.3897993578,0,0,1,0,0,0,0,0,0,0
HAL,1,43170000000.0,24.4884116465,0,0,0,0,0,1,0,0,0,0
HAR,0,7790000000.0,22.7761066968,0,1,0,0,0,0,0,0,0,0
HAS,1,12200000000.0,23.2247017887,0,1,0,0,0,0,0,0,0,0
HBAN,0,15290000000.0,23.4504648569,1,0,0,0,0,0,0,0,0,0
HBI,0,7670000000.0,22.7605824523,0,1,0,0,0,0,0,0,0,0
HCA,0,30970000000.0,24.1562848309,0,0,0,0,1,0,0,0,0,0
HCN,1,23950000000.0,23.8992341608,0,0,0,0,0,0,0,0,0,0
HD,-1,1.7747e+11,25.9020674175,0,1,0,0,0,0,0,0,0,0
HES,-1,14930000000.0,23.4266384485,0,0,0,0,0,1,0,0,0,0
HIG,-1,18420000000.0,23.6367028678,1,0,0,0,0,0,0,0,0,0
HOG,0,10490000000.0,23.0736882594,0,1,0,0,0,0,0,0,0,0
HOLX,1,11820000000.0,23.1930588489,0,0,0,0,1,0,0,0,0,0
HON,2,95690000000.0,25.2843796367,0,0,1,0,0,0,0,0,0,0
HPE,0,36970000000.0,24.3333726099,0,0,0,1,0,0,0,0,0,0
HRB,1,4980000000.0,22.328695728,1,0,0,0,0,0,0,0,0,0
HRL,0,18340000000.0,23.6323503038,0,0,0,0,0,0,1,0,0,0
HRS,0,13760000000.0,23.3450316695,0,0,0,1,0,0,0,0,0,0
HSIC,-1,13560000000.0,23.3303901195,0,0,0,0,1,0,0,0,0,0
HSY,0,23050000000.0,23.8609316064,0,0,0,0,0,0,1,0,0,0
HUM,1,32550000000.0,24.2060432056,0,0,0,0,1,0,0,0,0,0
IBM,1,1.6574e+11,25.8336861324,0,0,0,1,0,0,0,0,0,0
ICE,0,6930000000.0,22.6591256501,1,0,0,0,0,0,0,0,0,0
IDXX,0,13310000000.0,23.3117814694,0,0,0,0,1,0,0,0,0,0
IFF,1,9980000000.0,23.0238489273,0,0,0,0,0,0,0,0,1,0
ILMN,-1,24110000000.0,23.9058925291,0,0,0,0,1,0,0,0,0,0
INCY,-1,28590000000.0,24.0763228433,0,0,0,0,1,0,0,0,0,0
INTC,-1,1.6633e+11,25.8372396037,0,0,0,1,0,0,0,0,0,0
INTU,0,31800000000.0,24.1827321267,0,0,0,1,0,0,0,0,0,0
IP,1,20840000000.0,23.7601400538,0,0,0,0,0,0,0,0,1,0
IPG,1,9530000000.0,22.9777105546,0,1,0,0,0,0,0,0,0,0
IR,-1,20500000000.0,23.7436907231,0,0,1,0,0,0,0,0,0,0
ISRG,1,28700000000.0,24.0801629597,0,0,0,0,1,0,0,0,0,0
ITW,0,46170000000.0,24.5555960735,0,0,1,0,0,0,0,0,0,0
IVZ,0,12750000000.0,23.2687971086,1,0,0,0,0,0,0,0,0,0
JBHT,-1,10510000000.0,23.0755930218,0,0,1,0,0,0,0,0,0,0
JEC,1,6730000000.0,22.6298409806,0,0,1,0,0,0,0,0,0,0
JNJ,-1,3.4473e+11,26.5660273389,0,0,0,0,1,0,0,0,0,0
JNPR,-1,10750000000.0,23.0981715915,0,0,0,1,0,0,0,0,0,0
JPM,0,3.2584e+11,26.5096723003,1,0,0,0,0,0,0,0,0,0
JWN,-1,7440000000.0,22.7301366858,0,1,0,0,0,0,0,0,0,0
K,0,26070000000.0,23.9840510649,0,0,0,0,0,0,1,0,0,0
KEY,-1,19810000000.0,23.7094526977,1,0,0,0,0,0,0,0,0,0
KHC,0,1.1083e+11,25.4312633327,0,0,0,0,0,0,1,0,0,0
KIM,1,9440000000.0,22.9682218171,0,0,0,0,0,0,0,0,0,0
KLAC,0,14560000000.0,23.4015438797,0,0,0,1,0,0,0,0,0,0
KMB,1,47580000000.0,24.5856783418,0,0,0,0,0,0,1,0,0,0
KMI,0,46970000000.0,24.572774937,0,0,0,0,0,1,0,0,0,0
KMX,1,11780000000.0,23.1896690152,0,1,0,0,0,0,0,0,0,0
KO,1,1.802e+11,25.9173331821,0,0,0,0,0,0,1,0,0,0
KORS,1,6040000000.0,22.5216698489,0,1,0,0,0,0,0,0,0,0
KR,1,26520000000.0,24.0011650023,0,0,0,0,0,0,1,0,0,0
KSS,-1,6930000000.0,22.6591256501,0,1,0,0,0,0,0,0,0,0
KSU,1,9230000000.0,22.9457248855,0,0,1,0,0,0,0,0,0,0
L,1,15890000000.0,23.4889558175,1,0,0,0,0,0,0,0,0,0
LB,1,14340000000.0,23.3863186721,0,1,0,0,0,0,0,0,0,0
LEG,1,6680000000.0,22.6223838245,0,1,0,0,0,0,0,0,0,0
LEN,1,12100000000.0,23.2164712895,0,1,0,0,0,0,0,0,0,0
LH,1,14640000000.0,23.4070233455,0,0,0,0,1,0,0,0,0,0
LKQ,0,9290000000.0,22.9522043898,0,1,0,0,0,0,0,0,0,0
LLL,1,13250000000.0,23.3072633894,0,0,1,0,0,0,0,0,0,0
LLY,1,88760000000.0,25.209201935,0,0,0,0,1,0,0,0,0,0
LMT,1,77450000000.0,25.0728984038,0,0,1,0,0,0,0,0,0,0
LNC,-1,15530000000.0,23.4660394741,1,0,0,0,0,0,0,0,0,0
LNT,1,8850000000.0,22.903683296,0,0,0,0,0,0,0,1,0,0
LRCX,1,19920000000.0,23.7149900891,0,0,0,1,0,0,0,0,0,0
LUK,1,9640000000.0,22.9891869456,1,0,0,0,0,0,0,0,0,0
LUV,-1,32530000000.0,24.2054285774,0,0,1,0,0,0,0,0,0,0
LVLT,-1,20490000000.0,23.7432027992,0,0,0,0,0,0,0,0,0,1
LYB,0,35660000000.0,24.2972954494,0,0,0,0,0,0,0,0,1,0
MA,-1,1.191e+11,25.5032293133,0,0,0,1,0,0,0,0,0,0
MAA,1,11230000000.0,23.1418546057,0,0,0,0,0,0,0,0,0,0
MAC,0,9080000000.0,22.9293400296,0,0,0,0,0,0,0,0,0,0
MAR,1,33090000000.0,24.2224969589,0,1,0,0,0,0,0,0,0,0
MAT,-1,8620000000.0,22.8773509216,0,1,0,0,0,0,0,0,0,0
MCD,1,1.0467e+11,25.3740783808,0,1,0,0,0,0,0,0,0,0
MCHP,1,16010000000.0,23.496479364,0,0,0,1,0,0,0,0,0,0
MCK,0,31190000000.0,24.1633633676,0,0,0,0,1,0,0,0,0,0
MCO,1,21390000000.0,23.78618936,1,0,0,0,0,0,0,0,0,0
MDLZ,1,66960000000.0,24.9273612631,0,0,0,0,0,0,1,0,0,0
MDT,1,1.1296e+11,25.4502996107,0,0,0,0,1,0,0,0,0,0
MET,-1,58590000000.0,24.7938298705,1,0,0,0,0,0,0,0,0,0
MHK,1,17060000000.0,23.560002379,0,1,0,0,0,0,0,0,0,0
MJN,0,16090000000.0,23.501463798,0,0,0,0,0,0,1,0,0,0
MKC,1,12600000000.0,23.2569626509,0,0,0,0,0,0,1,0,0,0
MLM,-1,13350000000.0,23.3147822218,0,0,0,0,0,0,0,0,1,0
MMC,-1,38240000000.0,24.3671479251,1,0,0,0,0,0,0,0,0,0
MMM,1,1.1347e+11,25.4548043217,0,0,1,0,0,0,0,0,0,0
MNK,0,5020000000.0,22.3366957707,0,0,0,0,1,0,0,0,0,0
MNST,1,26220000000.0,23.9897883153,0,0,0,0,0,0,1,0,0,0
MO,1,1.4616e+11,25.707967749,0,0,0,0,0,0,1,0,0,0
MON,1,49980000000.0,24.6348887624,0,0,0,0,0,0,0,0,1,0
MOS,-1,10020000000.0,23.0278489326,0,0,0,0,0,0,0,0,1,0
MPC,-1,26390000000.0,23.9962509875,0,0,0,0,0,1,0,0,0,0
MRK,-1,1.7627e+11,25.8952827474,0,0,0,0,1,0,0,0,0,0
MRO,0,12980000000.0,23.2866755482,0,0,0,0,0,1,0,0,0,0
MS,-1,86200000000.0,25.1799360146,1,0,0,0,0,0,0,0,0,0
MSFT,1,4.9773e+11,26.9333235983,0,0,0,1,0,0,0,0,0,0
MSI,1,13730000000.0,23.3428490567,0,0,0,1,0,0,0,0,0,0
MTB,1,25590000000.0,23.9654674871,1,0,0,0,0,0,0,0,0,0
MTD,1,12490000000.0,23.2481941611,0,0,0,0,1,0,0,0,0,0
MU,1,28210000000.0,24.062942362,0,0,0,1,0,0,0,0,0,0
MUR,-1,4530000000.0,22.2339877764,0,0,0,0,0,1,0,0,0,0
MYL,1,22900000000.0,23.8544027475,0,0,0,0,1,0,0,0,0,0
NAVI,-1,4210000000.0,22.1607284846,1,0,0,0,0,0,0,0,0,0
NBL,-1,14550000000.0,23.4008568306,0,0,0,0,0,1,0,0,0,0
NDAQ,1,11790000000.0,23.1905175515,1,0,0,0,0,0,0,0,0,0
NEE,1,61050000000.0,24.8349590375,0,0,0,0,0,0,0,1,0,0
NEM,1,17210000000.0,23.5687564472,0,0,0,0,0,0,0,0,1,0
NFLX,0,61630000000.0,24.8444146019,0,0,0,1,0,0,0,0,0,0
NFX,1,6790000000.0,22.6387167785,0,0,0,0,0,1,0,0,0,0
NI,0,7560000000.0,22.7461370271,0,0,0,0,0,0,0,1,0,0
NKE,1,94770000000.0,25.2747187404,0,1,0,0,0,0,0,0,0,0
NLSN,0,15600000000.0,23.4705367512,0,0,1,0,0,0,0,0,0,0
NOC,1,42560000000.0,24.474180682,0,0,1,0,0,0,0,0,0,0
NOV,1,14300000000.0,23.3835253742,0,0,0,0,0,1,0,0,0,0
NRG,-1,5370000000.0,22.4040937455,0,0,0,0,0,0,0,1,0,0
NSC,-1,34390000000.0,24.2610316614,0,0,1,0,0,0,0,0,0,0
NTAP,0,11390000000.0,23.1560016144,0,0,0,1,0,0,0,0,0,0
NTRS,1,20530000000.0,23.745153068,1,0,0,0,0,0,0,0,0,0
NUE,-1,19360000000.0,23.6864749188,0,0,0,0,0,0,0,0,1,0
NVDA,1,59950000000.0,24.8167767184,0,0,0,1,0,0,0,0,0,0
NWL,-1,23130000000.0,23.8643963132,0,1,0,0,0,0,0,0,0,0
O,1,15020000000.0,23.4326484833,0,0,0,0,0,0,0,0,0,0
OKE,-1,11000000000.0,23.1211611097,0,0,0,0,0,1,0,0,0,0
OMC,-1,19780000000.0,23.7079371631,0,1,0,0,0,0,0,0,0,0
ORCL,-2,1.7554e+11,25.8911327741,0,0,0,1,0,0,0,0,0,0
ORLY,0,25240000000.0,23.9516958746,0,1,0,0,0,0,0,0,0,0
OXY,1,48180000000.0,24.5982098341,0,0,0,0,0,1,0,0,0,0
PAYX,0,22360000000.0,23.8305394852,0,0,0,1,0,0,0,0,0,0
PBCT,1,5850000000.0,22.4897074982,1,0,0,0,0,0,0,0,0,0
PCAR,1,23630000000.0,23.8857829281,0,0,1,0,0,0,0,0,0,0
PCLN,1,86980000000.0,25.1889440441,0,1,0,0,0,0,0,0,0,0
PDCO,-1,4280000000.0,22.1772188465,0,0,0,0,1,0,0,0,0,0
PEP,1,1.5605e+11,25.7734423057,0,0,0,0,0,0,1,0,0,0
PFE,1,2.0367e+11,26.0397668739,0,0,0,0,1,0,0,0,0,0
PFG,-1,18110000000.0,23.6197301088,1,0,0,0,0,0,0,0,0,0
PG,-1,2.3264e+11,26.1727580313,0,0,0,0,0,0,1,0,0,0
PGR,-1,23090000000.0,23.8626654603,1,0,0,0,0,0,0,0,0,0
PH,1,20930000000.0,23.7644493734,0,0,1,0,0,0,0,0,0,0
PKI,1,6130000000.0,22.5364605869,0,0,0,0,1,0,0,0,0,0
PM,0,1.7185e+11,25.8698878402,0,0,0,0,0,0,1,0,0,0
PNC,0,61360000000.0,24.840023994,1,0,0,0,0,0,0,0,0,0
PNR,1,10980000000.0,23.119341273,0,0,1,0,0,0,0,0,0,0
PNW,1,9120000000.0,22.933735641,0,0,0,0,0,0,0,1,0,0
PPG,-1,26150000000.0,23.9871150275,0,0,0,0,0,0,0,0,1,0
PPL,1,24790000000.0,23.933706183,0,0,0,0,0,0,0,1,0,0
PRGO,-1,9940000000.0,23.0198328576,0,0,0,0,1,0,0,0,0,0
PRU,-1,47760000000.0,24.589454306,1,0,0,0,0,0,0,0,0,0
PSA,-1,38090000000.0,24.3632176174,0,0,0,0,0,0,0,0,0,0
PSX,1,40650000000.0,24.4282646729,0,0,0,0,0,1,0,0,0,0
PVH,0,7250000000.0,22.7042673058,0,1,0,0,0,0,0,0,0,0
PWR,-1,5630000000.0,22.4513752791,0,0,1,0,0,0,0,0,0,0
PX,1,33250000000.0,24.227320604,0,0,0,0,0,0,0,0,1,0
PXD,1,30450000000.0,24.1393518311,0,0,0,0,0,1,0,0,0,0
PYPL,-1,50840000000.0,24.6519492833,0,0,0,1,0,0,0,0,0,0
QCOM,1,85990000000.0,25.1774968474,0,0,0,1,0,0,0,0,0,0
QRVO,0,8580000000.0,22.8726997504,0,0,0,1,0,0,0,0,0,0
R,1,3990000000.0,22.1070570678,0,0,1,0,0,0,0,0,0,0
RAI,-1,86340000000.0,25.1815588271,0,0,0,0,0,0,1,0,0,0
REG,0,6750000000.0,22.6328083418,0,0,0,0,0,0,0,0,0,0
REGN,0,41250000000.0,24.4429169497,0,0,0,0,1,0,0,0,0,0
RF,0,18190000000.0,23.6241378295,1,0,0,0,0,0,0,0,0,0
RHI,-1,6160000000.0,22.5413426145,0,0,1,0,0,0,0,0,0,0
RHT,-1,14720000000.0,23.4124729502,0,0,0,1,0,0,0,0,0,0
RIG,-1,4830000000.0,22.2981123046,0,0,0,0,0,1,0,0,0,0
RL,0,6580000000.0,22.6073005823,0,1,0,0,0,0,0,0,0,0
ROK,-1,19600000000.0,23.6987954032,0,0,1,0,0,0,0,0,0,0
ROP,1,21530000000.0,23.7927131483,0,0,1,0,0,0,0,0,0,0
ROST,1,26120000000.0,23.9859671414,0,1,0,0,0,0,0,0,0,0
RRC,1,6700000000.0,22.6253733633,0,0,0,0,0,1,0,0,0,0
RSG,0,21320000000.0,23.7829114362,0,0,1,0,0,0,0,0,0,0
RTN,1,45220000000.0,24.5348053038,0,0,1,0,0,0,0,0,0,0
SBUX,1,79090000000.0,25.0938522815,0,1,0,0,0,0,0,0,0,0
SCG,1,9640000000.0,22.9891869456,0,0,0,0,0,0,0,1,0,0
SCHW,0,56960000000.0,24.7656151041,1,0,0,0,0,0,0,0,0,0
SEE,1,8800000000.0,22.8980175584,0,0,0,0,0,0,0,0,1,0
SHW,1,28700000000.0,24.0801629597,0,0,0,0,0,0,0,0,1,0
SIG,0,4630000000.0,22.255822705,0,1,0,0,0,0,0,0,0,0
SJM,0,16180000000.0,23.5070417486,0,0,0,0,0,0,1,0,0,0
SLB,1,1.0906e+11,25.4151640264,0,0,0,0,0,1,0,0,0,0
SLG,-1,10630000000.0,23.0869460293,0,0,0,0,0,0,0,0,0,0
SNI,1,10160000000.0,23.0417242791,0,1,0,0,0,0,0,0,0,0
SPG,1,52360000000.0,24.681408778,0,0,0,0,0,0,0,0,0,0
SPGI,1,34150000000.0,24.254028423,1,0,0,0,0,0,0,0,0,0
SRCL,1,7030000000.0,22.6734525428,0,0,1,0,0,0,0,0,0,0
SRE,1,27350000000.0,24.0319823658,0,0,0,0,0,0,0,1,0,0
STI,-1,28800000000.0,24.0836412241,1,0,0,0,0,0,0,0,0,0
STX,0,13780000000.0,23.3464841025,0,0,0,1,0,0,0,0,0,0
STZ,1,31200000000.0,24.1636839318,0,0,0,0,0,0,1,0,0,0
SWK,0,19790000000.0,23.7084425966,0,1,0,0,0,0,0,0,0,0
SWKS,-1,18270000000.0,23.6285262073,0,0,0,1,0,0,0,0,0,0
SWN,1,3630000000.0,22.0124984852,0,0,0,0,0,1,0,0,0,0
SYF,0,29120000000.0,24.0946910603,1,0,0,0,0,0,0,0,0,0
SYK,1,48840000000.0,24.6118154862,0,0,0,0,1,0,0,0,0,0
SYMC,-1,18960000000.0,23.6655973338,0,0,0,1,0,0,0,0,0,0
SYY,-1,28020000000.0,24.0561843779,0,0,0,0,0,0,1,0,0,0
T,-1,2.585e+11,26.2781615309,0,0,0,0,0,0,0,0,0,1
TAP,1,20880000000.0,23.7620576,0,0,0,0,0,0,1,0,0,0
TDC,0,4050000000.0,22.1219827181,0,0,0,1,0,0,0,0,0,0
TDG,0,12250000000.0,23.2287917739,0,0,1,0,0,0,0,0,0,0
TEL,0,26590000000.0,24.0038010422,0,0,0,1,0,0,0,0,0,0
TGNA,-1,5580000000.0,22.4424546133,0,1,0,0,0,0,0,0,0,0
TGT,1,30260000000.0,24.1330925453,0,1,0,0,0,0,0,0,0,0
TIF,-1,11090000000.0,23.1293096383,0,1,0,0,0,0,0,0,0,0
TJX,1,51460000000.0,24.6640706438,0,1,0,0,0,0,0,0,0,0
TMO,1,61810000000.0,24.8473310006,0,0,0,0,1,0,0,0,0,0
TRIP,-1,6090000000.0,22.5299139187,0,1,0,0,0,0,0,0,0,0
TROW,0,17330000000.0,23.5757049407,1,0,0,0,0,0,0,0,0,0
TRV,0,34290000000.0,24.2581196034,1,0,0,0,0,0,0,0,0,0
TSCO,1,9380000000.0,22.9618456,0,1,0,0,0,0,0,0,0,0
TSN,1,23010000000.0,23.859194741,0,0,0,0,0,0,1,0,0,0
TSO,-1,9700000000.0,22.9953917225,0,0,0,0,0,1,0,0,0,0
TXN,1,81060000000.0,25.1184554581,0,0,0,1,0,0,0,0,0,0
TXT,2,12750000000.0,23.2687971086,0,0,1,0,0,0,0,0,0,0
UDR,-1,9380000000.0,22.9618456,0,0,0,0,0,0,0,0,0,0
UHS,-2,11600000000.0,23.1742709351,0,0,0,0,1,0,0,0,0,0
ULTA,1,17750000000.0,23.5996513529,0,1,0,0,0,0,0,0,0,0
UNH,1,1.608e+11,25.8034271937,0,0,0,0,1,0,0,0,0,0
UNM,0,11100000000.0,23.1302109453,1,0,0,0,0,0,0,0,0,0
UNP,-1,84940000000.0,25.1652109618,0,0,1,0,0,0,0,0,0,0
UPS,2,92950000000.0,25.2553275511,0,0,1,0,0,0,0,0,0,0
URBN,-1,2770000000.0,21.7421131571,0,1,0,0,0,0,0,0,0,0
URI,1,10300000000.0,23.0554097322,0,0,1,0,0,0,0,0,0,0
USB,1,93170000000.0,25.2576916184,1,0,0,0,0,0,0,0,0,0
UTX,-1,90120000000.0,25.2244079525,0,0,1,0,0,0,0,0,0,0
V,0,2.0812e+11,26.0613806734,0,0,0,1,0,0,0,0,0,0
VAR,2,8250000000.0,22.8334790373,0,0,0,0,1,0,0,0,0,0
VFC,0,22050000000.0,23.8165784388,0,1,0,0,0,0,0,0,0,0
VIAB,-1,17210000000.0,23.5687564472,0,1,0,0,0,0,0,0,0,0
VLO,1,30420000000.0,24.1383661238,0,0,0,0,0,1,0,0,0,0
VMC,1,15610000000.0,23.4711775715,0,0,0,0,0,0,0,0,1,0
VNO,1,19370000000.0,23.6869913144,0,0,0,0,0,0,0,0,0,0
VRSK,0,13200000000.0,23.3034826665,0,0,1,0,0,0,0,0,0,0
VRSN,0,8810000000.0,22.8991532769,0,0,0,1,0,0,0,0,0,0
VRTX,1,23040000000.0,23.8604976728,0,0,0,0,1,0,0,0,0,0
VTR,0,21050000000.0,23.7701663971,0,0,0,0,0,0,0,0,0,0
VZ,1,2.0123e+11,26.0277143694,0,0,0,0,0,0,0,0,0,1
WAT,1,12530000000.0,23.2513916059,0,0,0,0,1,0,0,0,0,0
WDC,1,21810000000.0,23.8056344172,0,0,0,1,0,0,0,0,0,0
WEC,0,18670000000.0,23.6501837945,0,0,0,0,0,0,0,1,0,0
WFC,1,2.94e+11,26.4068456043,1,0,0,0,0,0,0,0,0,0
WFM,0,9190000000.0,22.9413817733,0,0,0,0,0,0,1,0,0,0
WHR,-1,13310000000.0,23.3117814694,0,1,0,0,0,0,0,0,0,0
WLTW,1,17490000000.0,23.584895126,1,0,0,0,0,0,0,0,0,0
WM,-1,32090000000.0,24.1918102921,0,0,1,0,0,0,0,0,0,0
WMB,-1,23210000000.0,23.8678490572,0,0,0,0,0,1,0,0,0,0
WMT,1,2.1676e+11,26.1020565876,0,0,0,0,0,0,1,0,0,0
WYN,1,8640000000.0,22.8796684198,0,1,0,0,0,0,0,0,0,0
WYNN,-1,10640000000.0,23.0878863209,0,1,0,0,0,0,0,0,0,0
XEC,-1,11290000000.0,23.1471832151,0,0,0,0,0,1,0,0,0,0
XEL,1,21940000000.0,23.8115772918,0,0,0,0,0,0,0,1,0,0
XLNX,1,14870000000.0,23.4226115974,0,0,0,1,0,0,0,0,0,0
XOM,1,3.3583e+11,26.5398709165,0,0,0,0,0,1,0,0,0,0
XRAY,1,14620000000.0,23.4056562913,0,0,0,0,1,0,0,0,0,0
XRX,1,7440000000.0,22.7301366858,0,0,0,1,0,0,0,0,0,0
XYL,0,8620000000.0,22.8773509216,0,0,1,0,0,0,0,0,0,0
YHOO,-1,44350000000.0,24.5153785457,0,0,0,1,0,0,0,0,0,0
YUM,1,22630000000.0,23.8425422966,0,1,0,0,0,0,0,0,0,0
ZBH,1,23870000000.0,23.8958882773,0,0,0,0,1,0,0,0,0,0
ZION,-1,9010000000.0,22.9216009086,1,0,0,0,0,0,0,0,0,0
ZTS,-1,26280000000.0,23.9920740306,0,0,0,0,1,0,0,0,0,0
