,maxjump,cap
AA,0.08787875,6620000000.0
AAME,0.4590151095888979,79620000.0
AAN,0.21538387548668858,1920000000.0
AAON,0.17724495803227636,1810000000.0
AAP,0.16557580739716804,11900000000.0
AAPL,0.1390496531445795,712060000000.0
AAWW,0.27061476761619185,1340000000.0
AB,0.23801917415471152,2340000000.0
ABAX,0.2336254796373325,1120000000.0
ABC,0.10220703253707675,19720000000.0
ABCB,0.311110318864809,1700000000.0
ABCO,0.20997381160688255,1850000000.0
ABG,0.3191489361702129,1500000000.0
ABIO,2.1018868285266334,23160000.0
ABM,0.23748939727119578,2240000000.0
ABMC,1.0,3840000.0
ABMD,0.29277757461098686,5060000000.0
ABR,0.36597929312981514,376260000.0
ABT,0.10383421956249728,65800000000.0
ABTL,0.5,143160000.0
ACAD,1.3608695652173912,4760000000.0
ACAT,0.24809164233553527,242280000.0
ACC,0.1553281108162261,6550000000.0
ACET,0.23100320403564756,472920000.0
ACFC,0.49572649572649574,117780000.0
ACFN,0.4554449350777259,10560000.0
ACGL,0.12502218788476194,11390000000.0
ACHN,0.8329411764705883,583620000.0
ACIW,0.3004486883911084,2330000000.0
ACLS,1.0588235294117645,466370000.0
ACM,0.17772215269086367,5860000000.0
ACOR,2.8288288288288284,1150000000.0
ACTG,0.24553581797256063,297730000.0
ACTL,,69921000000.0
ACU,0.17540987730210844,83220000.0
ACUR,0.7132867132867131,10180000.0
ACXM,0.19733924611973408,2280000000.0
ACY,0.4616788321167882,16210000.0
ADAT,1.4166661265427098,14550000.0
ADBE,0.14358108108108092,59130000000.0
ADC,0.28998979928513036,1150000000.0
ADES,0.6375,255650000.0
ADI,0.15646252317773368,25500000000.0
ADK,0.7326704684971508,28290000.0
ADLS,,2157000000.0
ADM,0.17337807492844926,26050000000.0
ADMP,13.999998039098417,75540000.0
ADP,0.11827265229446637,44750000000.0
ADPT,0.20642202545029908,123130000.0
ADS,0.2461880581240583,13540000000.0
ADSK,0.14752061373881764,19230000000.0
ADTN,0.17642370412134412,1050000000.0
ADUS,0.221556886227545,390990000.0
AE,0.19752241775132018,173740000.0
AEE,0.15795202904461947,12950000000.0
AEHR,0.485981308411215,68400000.0
AEIS,0.25762707021791775,2440000000.0
AEL,0.24038473953298034,2400000000.0
AEO,0.1829723733712041,2780000000.0
AEP,0.13214292572421393,31520000000.0
AERG,1.35,5260000.0
AERO,2.0,94070000.0
AERT,0.6551724137931034,8960000.0
AES,0.28290468858136775,7550000000.0
AET,0.1775297154480575,44060000000.0
AETI,0.6904761904761902,15420000.0
AEY,0.32592592592592595,18330000.0
AF,0.1713394585865713,1900000000.0
AFAM,0.18275853528416852,489730000.0
AFFY,1.2222081791098671,2420000.0
AFG,0.45369207537648126,8119999999.999999
AFL,0.30278644674841493,28850000000.0
AFSI,0.15801109000628166,4660000000.0
AGCO,0.16194331779903615,5110000000.0
AGEN,0.7320259593925353,392940000.0
AGII,0.1284714915071934,2000000000.0
AGM,1.135359148722428,611790000.0
AGN,0.12217960157624952,92780000000.0
AGO,0.3703444321973266,5340000000.0
AGX,0.5000000000000002,1090000000.0
AGYS,0.42468619246861916,216600000.0
AHC,0.36619927019467635,139810000.0
AHGP,0.2807175438826628,1830000000.0
AHII,2.571428571428571,9900000000.0
AHL,0.13817169085368208,3390000000.0
AHPI,0.7837837837837835,8990000.0
AHT,0.46913308266408627,735760000.0
AI,0.9411761656419453,346100000.0
AIG,0.6599999417487854,62210000000.0
AIMC,0.19609311609985136,1030000000.0
AIN,0.2788285517086422,1520000000.0
AIQ,0.4363636363636365,110040000.0
AIR,0.18164523745023176,1150000000.0
AIRM,0.28497592385868464,1410000000.0
AIRT,0.4966887394767683,44920000.0
AIT,0.17773970402234718,2440000000.0
AIV,0.2755555481699419,7030000000.0
AIZ,0.21799895327597496,5380000000.0
AJG,0.17847777285291344,10170000000.0
AKAM,0.26637554585152845,10780000000.0
AKR,0.1469739214691832,2660000000.0
AKRX,0.4059829810888347,2730000000.0
AKS,0.28739798151997764,2780000000.0
ALAN,1.1274509803921569,59784000000000.0
ALB,0.1470457264041376,10340000000.0
ALCO,0.3804213236782781,219080000.0
ALE,0.1272829242218394,3330000000.0
ALEX,0.376309436534898,2200000000.0
ALG,0.23796461087981835,888230000.0
ALGN,0.4820512820512821,8109999999.999999
ALGT,0.33701922781882354,2810000000.0
ALJ,0.46478871080997997,815870000.0
ALK,0.31284918646703264,11910000000.0
ALKS,0.27832685719728145,8320000000.0
ALL,0.21686752489003558,29440000000.0
ALNY,0.5303514376996805,4150000000.0000005
ALOG,0.181882203493134,1020000000.0
ALOT,0.3333332619808951,101990000.0
ALSK,0.564516129032258,86800000.0
ALX,0.24916605350801846,2230000000.0
ALXN,0.21139613284666514,28930000000.0
AM,0.15000004823534607,6230000000.0
AMAG,1.0315731066100646,827230000.0
AMAR,2822.3762995301336,4940000.0
AMAT,0.1427135411068865,38450000000.0
AMD,0.5229007633587786,12220000000.0
AME,0.1566156625269659,12550000000.0
AMED,0.3606010699525959,1610000000.0
AMG,0.23567589525514765,9260000000.0
AMGN,0.1510210083457999,127620000000.0
AMIN,0.9666666666666666,1020000.0
AMKR,0.3386138613861387,2390000000.0
AMN,0.21825962910128371,1950000000.0
AMNB,0.13166146115947086,314990000.0
AMOT,0.4701086318749288,217780000.0
AMP,0.2780921215667427,19970000000.0
AMPH,0.16335797863630086,846820000.0
AMRB,0.16788393156223158,101360000.0
AMRI,0.2040990606319384,773990000.0
AMS,0.3181818181818181,22810000.0
AMSC,0.39667458432304037,94130000.0
AMSF,0.16666669732576045,1250000000.0
AMT,0.20219879726908752,46020000000.0
AMTD,0.205803095493581,22780000000.0
AMTY,2.0,881545000000000.0
AMWD,0.17714653686562398,1260000000.0
AMZN,0.2694972290502793,403240000000.0
AN,0.2214765100671141,4820000000.0
ANAT,0.2848327914588318,3250000000.0
ANCX,0.2233399721803948,292490000.0
ANDE,0.2671645552805788,1130000000.0
ANDR,2.25,4190000.0000000005
ANF,0.3444514791070885,825620000.0
ANGO,0.20000006535947712,603410000.0
ANH,0.23000009579798109,512090000.00000006
ANIK,0.41304347826086985,716380000.0
ANSS,0.15629984051036683,8680000000.0
AOI,0.25,122150000.0
AON,0.16901409732176176,31220000000.0
AOS,0.14578302283464817,8730000000.0
AP,0.18281712760833546,185890000.0
APA,0.2131736083929987,21040000000.0
APC,0.23600005152981463,36790000000.0
APD,0.14654551571651697,30790000000.0
APEI,0.2393844970076946,392720000.0
APH,0.16240804923941932,21430000000.0
APOG,0.1804696463186226,1660000000.0
APU,0.29760078624123376,4520000000.0
ARAY,0.2988338192419824,460080000.0
ARCI,1.3922413793103448,8320000.0
ARE,0.18063239333389425,10340000000.0
AREX,0.3783783783783783,133979999.99999999
ARI,0.11199999385230486,1440000000.0
ARII,0.25671648408452397,903190000.0
ARKR,0.17627479948253222,87730000.0
ARL,0.5403225806451613,140060000.0
ARNA,0.7620481927710843,362540000.0
AROW,0.28991235922126,482660000.0
ARQL,0.6342857142857141,85340000.0
ARRS,0.2662473794549267,5730000000.0
ARRY,0.8109589041095893,1920000000.0
ARTW,0.5529799458589353,15200000.0
ARTX,0.5426356589147285,103550000.0
ARW,0.12822873616236152,6540000000.0
ARWD,3.6818181818181817,537277300000000.06
ARWR,0.9259259259259258,161810000.0
ARYX,3.7120418848167542,23422000000.0
ASB,0.21353375633068872,3980000000.0
ASFI,0.5596334657005224,117570000.0
ASGN,0.47142857142857153,2580000000.0
ASH,0.16478875992381425,7580000000.0
ASPS,1.2857142857142856,434780000.0
ASRV,0.5094342530493217,74670000.0
ASTC,1.5833333333333335,31890000.0
ASTE,0.1893203363711915,1620000000.0
ASTI,,601815100000000.0
ASUR,0.7031246850588402,74170000.0
ASYS,0.4169960474308301,85660000.0
ATEA,38.60526315789474,6490000.0
ATGN,0.7142857142857142,5700000.0
ATHN,0.27543133813510323,4700000000.0
ATI,0.25726593564300004,2190000000.0
ATLO,0.6986687523700004,300250000.0
ATLS,0.3857142857142857,13280000.0
ATNI,0.42589115503538677,1300000000.0
ATO,0.09242074338870587,8000000000.0
ATR,0.0817391377541008,4630000000.0
ATRC,1.2571428571428576,577860000.0
ATRI,0.16676916507688389,877440000.0
ATRM,1.5619834710743805,4790000.0
ATRO,0.3883559792710298,988190000.0
ATSG,0.9166666666666667,1020000000.0
ATU,0.13135596471875455,1580000000.0
ATVI,0.2326989423262802,33729999999.999996
ATW,0.33333333333333326,804690000.0
AVA,0.09956480578091842,2520000000.0
AVAV,0.2132954631379962,621630000.0
AVB,0.18075312044923963,24520000000.0
AVD,0.17270990702249644,488840000.0
AVID,0.17252396166134187,238470000.0
AVNW,3.2643921384547774,77890000.0
AVP,0.2053231939163498,2020000000.0
AVSR,18.142857142857142,12256000000000.0
AVT,0.15008836120380198,5980000000.0
AVX,0.14839583151751468,2690000000.0
AVXT,4.0,2210000.0
AVY,0.12135121595365339,7150000000.0
AWH,0.1580281971830988,4660000000.0
AWI,0.2315314758176028,2230000000.0
AWK,0.12762237395603138,13140000000.0
AWR,0.11648911193502576,1620000000.0
AWRE,0.6443855836919421,116640000.0
AWX,0.29487179487179493,11030000.0
AXAS,0.5416666666666667,308580000.0
AXE,0.18096055757030616,2830000000.0
AXL,1.6490066225165565,1540000000.0
AXP,0.20648547014915475,72060000000.0
AXR,0.2760617760617763,50720000.0
AXS,0.24493470912481596,5930000000.0
AXST,,70020000000000.0
AXTI,0.30841121495327095,236730000.0
AYI,0.17504155839494207,9650000000.0
AYR,0.23303456717053117,1930000000.0
AZO,0.1940298453500553,21210000000.0
AZZ,0.22404707885499553,1520000000.0
B,0.16140347654758003,2720000000.0
BA,0.15462697640572598,105780000000.0
BABY,0.2779615486432825,1240000000.0
BAC,0.35269132999444186,257860000000.0
BANF,0.23667733560073878,1530000000.0
BANR,0.39968024790118917,1940000000.0
BAS,0.041801529531894754,2890000.0
BAX,0.08449198909187383,27050000000.0
BAYN,9829.0,2154000000000.0
BBBY,0.24264994702636034,6040000000.0
BBG,0.2935064935064935,344930000.0
BBGI,0.5421350978689876,273350000.0
BBOX,0.23148901180967063,146180000.0
BBSI,0.39705874977221334,466300000.0
BBT,0.23612516001955886,38820000000.0
BBW,0.33267326732673275,155230000.0
BBY,0.19603660935056344,14200000000.0
BC,0.5174126703396376,5420000000.0
BCO,0.16409090439940854,2630000000.0
BCPC,0.2275518262315419,2660000000.0
BCR,0.08508727846195163,17460000000.0
BCRX,0.755656108597285,483850000.0
BDC,0.23122476991229268,3090000000.0
BDCO,0.8074866310160427,36660000.0
BDGE,0.22117112312722953,669560000.0
BDN,0.255165335986246,2840000000.0
BDR,0.7619047619047619,6070000.0
BDSI,1.2023809523809526,101470000.0
BDX,0.09629628789491496,38500000000.0
BEAT,0.5545171339563864,704360000.0
BEAV,0.30630682668753817,6300000000.0
BEBE,0.553191489361702,46720000.0
BECN,0.20199146514935973,2730000000.0
BEN,0.16114711538786164,24040000000.0
BERK,0.26862739546377035,147690000.0
BFIN,0.18433187550010444,271580000.0
BFS,0.14851481461796157,1400000000.0
BG,0.16811224972084715,11510000000.0
BGC,0.37401572821200535,805060000.0
BGCP,0.48571422841525047,3270000000.0
BGFV,0.3475336758260248,288540000.0
BGG,0.11946603763003538,931460000.0
BGS,0.3087720811621706,3110000000.0
BHB,0.15867020474256943,254500000.0
BHE,0.1160042964554242,1600000000.0
BHI,0.26981715384479665,25840000000.0
BHLB,0.14613179428033463,1150000000.0
BID,0.21124999146797152,2170000000.0
BIG,0.22974365366922544,2320000000.0
BIIB,0.20266611851179928,62400000000.0
BIO,0.13770488193427122,5710000000.0
BIOC,0.5409090585399106,34470000.0
BIOS,0.36071428571428577,183580000.0
BJRI,0.2695783352536647,867520000.0
BK,0.24806500860521008,49380000000.0
BKD,0.3294117647058825,2660000000.0
BKE,0.14775044013293992,1000000000.0
BKH,0.15497691499898658,3330000000.0
BKMU,0.1672239766359136,450060000.0
BKS,0.5168130759359006,762350000.0
BLD,0.1384615384615384,1440000000.0
BLDR,0.6768115942028985,1390000000.0
BLFS,1.999996428647958,25630000.0
BLK,0.1956094726285289,63410000000.0
BLKB,0.1697502388376071,3400000000.0
BLL,0.11997152457505744,12800000000.0
BMI,0.28611703811393174,1040000000.0
BMRC,0.15205604881461543,422300000.0
BMRN,0.31168136861801665,15460000000.0
BMS,0.12499991191618953,4510000000.0
BMTC,0.21807363787787115,708900000.0
BMY,0.10556287044557133,91230000000.0
BNCL,0.13846135944562832,1170000000.0
BNCN,0.28272248818881507,1910000000.0
BOBE,0.17188038314384668,1120000000.0
BOFI,0.1939877411071418,1880000000.0
BOH,0.13821138745957096,3610000000.0
BOKF,0.15432092772713735,5480000000.0
BONT,0.4079999999999999,24830000.0
BOOM,1.0245905904433124,232440000.0
BOOT,0.36166365280289337,290390000.0
BPFH,0.2764378644654508,1420000000.0
BPI,0.34416543574593805,460120000.0
BPL,0.26235886432896893,9820000000.0
BPOP,0.3134329103028024,4710000000.0
BPT,0.1881405067032509,632340000.0
BR,0.134393899860616,8109999999.999999
BRC,0.21895418806423428,2009999999.9999998
BRCD,0.2197930143349427,5020000000.0
BRID,0.6600793079581404,112910000.0
BRKL,0.12611811046175414,1130000000.0
BRKR,0.3522389620348023,3950000000.0
BRKS,0.18538318055942793,1430000000.0
BRN,0.9400000000000002,19780000.0
BRO,0.11846812174095334,6150000000.0
BRS,0.31959310708129607,598720000.0
BRT,0.405405177633515,119800000.0
BSET,0.4109887580752707,281990000.0
BSQR,0.40845070422535223,72840000.0
BSRR,0.28305526682884286,392340000.0
BSTC,0.8124999999999998,373430000.0
BSX,0.2612859097127225,34580000000.0
BTN,0.2941176470588234,91910000.0
BUKS,0.606060606060606,17070000.0
BUSE,0.25802539856616624,1190000000.0
BVSN,0.6976744186046511,25500000.0
BVX,0.534090909090909,95000000.0
BW,0.08377358490566023,828620000.0
BWA,0.22827759028676842,9010000000.0
BWLD,0.3427658603377455,2780000000.0
BWP,0.24101887240226239,4570000000.0
BX,0.3827955032712831,19070000000.0
BXC,1.1904761904761907,59970000.0
BXP,0.23931623642098288,21100000000.0
BXS,0.2178771433997373,2940000000.0
BYD,0.36764705882352966,2290000000.0
BZH,0.6551724137931034,409200000.0
C,0.5782492849143062,166820000000.0
CA,0.19590906955491105,13410000000.0
CAB,0.3523489932885906,3090000000.0
CAC,0.19463671003206073,651080000.0
CACB,0.5777777777777777,604940000.0
CACC,0.26368166311300656,3830000000.0
CACH,,5798000000000.0
CACI,0.18009661835748791,3090000000.0
CAFI,inf,938000000000.0
CAG,0.10864005575757485,17240000000.0
CAH,0.20391551304115585,25460000000.0
CAKE,0.19369965309664017,2830000000.0
CAL,0.3457142760636833,1310000000.0
CALD,0.23606557377049198,1280000000.0
CALM,0.24722673891878744,1880000000.0
CAMP,0.34883720930232553,548530000.0
CAPS,0.5384615384615385,3350000.0
CAR,0.9818181818181817,2970000000.0
CASC,1.1437908114638544,97650000.0
CASH,0.36706950585782594,812080000.0
CASM,0.8302945301542777,40250000.0
CASS,0.17900421016741985,744770000.0
CASY,0.2706568696447149,4600000000.0
CAT,0.14722925757849392,57970000000.0
CATM,0.5384615384615383,2020000000.0
CATO,0.16779894322131383,697650000.0
CATY,0.26682502086195714,3140000000.0
CAVM,0.20703131510416672,4490000000.0
CAW,0.2584615384615385,21370000.0
CB,0.2075321956373839,63460000000.0
CBAN,0.2864583333333335,116880000.0
CBB,0.16113744075829373,835670000.0
CBG,0.6399999999999999,12020000000.0
CBK,0.4126984126984128,48620000.0
CBL,0.46511720436970605,1760000000.0
CBLI,0.901060070671378,21970000.0
CBM,0.32666666666666666,1760000000.0
CBMX,3.36548233107436,9750000.0
CBR,0.31092436974789917,28600000.0
CBRL,0.2508591103564912,4050000000.0
CBS,0.2658080747251277,27850000000.0
CBSH,0.35793335112984415,6000000000.0
CBT,0.16045275505887324,3610000000.0
CBU,0.17720889270309037,2670000000.0
CBZ,0.13446969696969702,718410000.0
CCBG,0.32001833892290343,359790000.0
CCC,0.1861598099951436,812680000.0
CCE,0.3284671345288268,17020000000.0
CCEL,0.5555555555555554,31260000.0
CCF,0.2556521590769951,851740000.0
CCI,0.18056910893689793,31420000000.0
CCK,0.16925638179800218,7320000000.0
CCL,0.13121653242323106,40220000000.0
CCMP,0.14863387125749372,1700000000.0
CCNE,0.19210976254633594,374820000.0
CCO,0.5611105048602987,1870000000.0
CCOI,0.5833332929394417,1880000000.0
CCRN,0.2297297297297296,514960000.00000006
CCUR,0.31088085410059674,45360000.0
CDE,0.38888888888888884,1610000000.0
CDI,0.16100762580056527,166030000.0
CDNS,0.23076923076923062,8420000000.0
CDR,0.2589287641597451,497240000.0
CDTI,1.669172648161772,26010000.0
CDZI,0.4534883720930234,279610000.0
CE,0.2260637807316408,12630000000.0
CECE,0.3297104381760392,381250000.0
CECO,0.573684210526316,639720000.0
CELG,0.1863077999152183,94260000000.0
CENX,0.3151515151515152,1330000000.0
CERN,0.17661943319838058,18510000000.0
CERS,0.6089385474860334,443350000.0
CEVA,0.2053571428571428,740180000.0
CF,0.19690600788875212,7950000000.0
CFBK,0.4873951260504199,36800000.0
CFFI,0.3487341634564425,164990000.0
CFFN,0.06829288395812272,2060000000.0
CFI,0.26717553510047476,405650000.0
CFNB,0.3323308906762259,163440000.0
CFNL,0.2721712443643278,1030000000.0
CFR,0.17710587109077358,6000000000.0
CFX,0.17766497461928932,4880000000.0
CGI,0.21856871901570862,248840000.0
CGNX,0.2625081117044239,6580000000.0
CHCI,3.300001857145511,7230000.0
CHCO,0.1790579775253196,999660000.0
CHD,0.10097084290885361,12740000000.0
CHDN,0.15905298215099317,2540000000.0
CHE,0.19096614432052772,2820000000.0
CHFC,0.19510533627836035,3760000000.0
CHH,0.2248321337401813,3480000000.0
CHK,0.34444444444444433,4670000000.0
CHKE,0.18344700192844665,120440000.0
CHMP,6.625,1120000.0
CHRS,0.2735192377188873,982170000.0
CHRW,0.2157221892083503,11200000000.0
CHS,0.3333333333333335,1810000000.0
CI,0.2353997657977307,36880000000.0
CIA,0.24137931034482762,443720000.0
CIDM,0.7666666666666666,16790000.0
CIE,0.3712871287128714,316560000.0
CIEN,0.23076927772988132,3590000000.0
CIM,0.3636364013569766,3510000000.0
CINF,0.18252331423392754,11950000000.0
CIR,0.2325766433003449,1010000000.0
CIX,0.20746903623710233,182560000.0
CKH,0.14460585841147178,1220000000.0
CL,0.1050205468107206,63900000000.0
CLC,0.17970174595842203,4050000000.0
CLCT,0.27285655004789056,205610000.0
CLD,0.24452554744525545,357730000.0
CLDX,0.3510638302588087,353360000.0
CLF,0.39413680781758975,2680000000.0
CLFD,0.3577235772357723,234760000.0
CLH,0.2215447831978321,3180000000.0
CLI,0.23711337213594885,2540000000.0
CLMS,0.2334383492314731,169170000.0
CLNE,0.24724061810154518,340730000.0
CLR,0.29112662013958124,17030000000.000002
CLRO,0.5304741196770169,98510000.0
CLSN,0.3947350997246426,6520000.0
CLUB,0.5904259766976352,81050000.0
CLW,0.4204702627939141,959810000.0
CLX,0.09886794380296138,17149999999.999998
CMA,0.20689657091718994,12730000000.0
CMC,0.2543668377402426,2610000000.0
CMCO,0.21364457528531156,545250000.0
CMCSA,0.24522761523373804,178950000000.0
CME,0.16096878899299538,41460000000.0
CMG,0.17853899249806848,12300000000.0
CMI,0.22069395179272644,25710000000.0
CMLS,0.7249999999999999,30480000.0
CMO,0.3578706607820952,1010000000.0
CMP,0.2389463784244381,2630000000.0
CMS,0.10687018332358345,12080000000.0
CMT,0.3926380368098161,127150000.0
CMTL,0.17490135277737107,273360000.0
CNA,0.27259585534202246,11260000000.0
CNC,0.2657534246575344,11620000000.0
CNK,0.17090381809679256,4910000000.0
CNLG,2.786259541984733,23779000000000.0
CNMD,0.11922436811138404,1210000000.0
CNO,0.8068181955462363,3630000000.0
CNP,0.1332598423425413,11420000000.0
CNS,0.18045984090543898,1650000000.0
CNSL,0.14066488813105993,1310000000.0
CNTY,0.3529411764705881,168420000.0
CNX,0.19615384933803082,3890000000.0
COBZ,0.19199996118631857,721940000.0
COF,0.26430115938263765,44390000000.0
COG,0.26137964967412564,10750000000.0
COGT,0.3050847457627117,187450000.0
COH,0.20447474308998004,10720000000.0
COHR,0.23552919354766244,4750000000.0
COHU,0.24528308487415362,422030000.0
COKE,0.17070599330799907,1650000000.0
COL,0.12503961021274113,12230000000.0
COLB,0.21386305472674905,2380000000.0
COLM,0.18146363082897898,3970000000.0
CONN,0.3878676470588234,316300000.0
COO,0.1882911076971021,9560000000.0
COOL,0.6360759493670884,13990000.0
COP,0.1660791916077835,58780000000.0
CORE,0.29411781376855695,1520000000.0
CORT,0.46864686468646877,921000000.0
COST,0.10751441395656958,77240000000.0
CPB,0.08518932623717346,17890000000.0
CPE,0.38243626062322944,2300000000.0
CPF,0.3814432377335102,986700000.0
CPIX,0.18518518518518512,92390000.0
CPK,0.15580669415578208,1070000000.0000001
CPLA,0.18059299783255778,897050000.0
CPN,0.2349841938883035,4120000000.0
CPRT,0.17760814249363888,6760000000.0
CPRX,2.0217391304347823,95300000.0
CPSI,0.24064444601328128,352360000.0
CPSS,0.8214285714285714,118070000.0
CPST,0.7837837837837835,28580000.0
CPT,0.22397298248999897,7180000000.0
CQP,0.301369543788349,10950000000.0
CR,0.15521149818418678,4340000000.0
CRAI,0.22684495905729785,308420000.0
CRAY,0.43356643356643354,851720000.0
CRC,0.5806451612903227,728300000.0
CREE,0.2239582753807634,2610000000.0
CRI,0.14529316175238827,4130000000.0
CRIS,0.26765799256505574,376670000.0
CRK,0.6836734693877551,135900000.0
CRL,0.17304916907514456,4190000000.0000005
CRM,0.19130824372759858,56760000000.0
CRMT,0.28829915560916786,306950000.0
CROX,0.4192139737991265,513350000.0
CRR,0.28316948155795374,403160000.0
CRS,0.1837924585315207,1920000000.0
CRT,0.1950585124964419,100500000.0
CRUS,0.2546583850931676,3550000000.0
CRVL,0.14524605828953652,776560000.0
CRY,0.30115844889849286,555830000.0
CRZO,0.2460882408724514,2160000000.0
CSBK,0.161979950206395,361550000.0
CSC,0.7011474180004125,9950000000.0
CSCO,0.1595048092602449,169210000000.0
CSFL,0.32643126114130117,1220000000.0
CSGP,0.17205346590987936,6830000000.0
CSGS,0.21003132718177997,1240000000.0
CSII,0.278688524590164,951650000.0
CSL,0.13767018377978002,6840000000.0
CSPI,0.3344263865847692,39650000.0
CSS,0.2437600963577473,236600000.0
CSTR,0.07185397106867653,219040000.0
CSU,0.16748768472906428,494190000.0
CSV,0.5999997202805027,441320000.0
CSX,0.15146612992191932,44970000000.0
CTAS,0.10757580945805834,12460000000.0
CTB,0.4112378007167643,2160000000.0
CTBI,0.1191631985731274,823350000.0
CTBK,259.0,17339000000.0
CTHR,0.5789473684210527,24880000.0
CTIB,1.8600004654467392,21320000.0
CTIC,1.7083334207176781,132440000.0
CTL,0.17695994594837794,13110000000.0
CTO,0.20352619818377127,310050000.0
CTRN,0.3734256347658693,262990000.0
CTS,0.3171807917624996,763280000.0
CTSH,0.18778801843317972,35180000000.0
CTT,0.056256122583353996,420560000.0
CTWS,0.1436892630942701,606510000.0
CTXS,0.19733774784121083,12590000000.0
CUB,0.2212486596347547,1420000000.0
CUR,0.38095238095238093,32600000.0
CUTR,0.33599566900981515,283350000.0
CUZ,0.32552413068776476,3400000000.0
CVA,0.2596686026582131,2060000000.0
CVBF,0.22397476210035117,2540000000.0
CVCO,0.1915407613293052,1030000000.0
CVCY,0.5779038513463757,267269999.99999997
CVG,0.33545660217810647,2340000000.0
CVGI,0.7412935323383087,191810000.0
CVGW,0.23266570705524248,1010000000.0
CVI,0.6893617598762334,2060000000.0
CVLT,0.18329177057356616,2320000000.0
CVLY,0.25926021546857103,226300000.0
CVM,1.1097559756097564,18890000.0
CVO,0.34394893137145965,55240000.0
CVS,0.1392301132175071,84550000000.0
CVTI,0.4647058823529413,363520000.0
CVU,0.19507908611599278,71640000.0
CVV,3.30327868852459,62350000.0
CVX,0.20854223365732172,208280000000.0
CW,0.13723611637174948,4300000000.0
CWEI,0.27225412661395776,2400000000.0
CWST,0.533653846153846,472130000.0
CWT,0.14015253790896787,1670000000.0
CXO,0.30810177409816686,19740000000.0
CXW,0.43128963771107864,3850000000.0
CY,0.23747343909354424,4160000000.0
CYAN,0.3932411674347158,21260000.0
CYBE,0.1994504835466766,265300000.0
CYH,0.2415755760874927,765150000.0
CYNO,0.20112517580872002,1570000000.0
CYS,0.09696101894749898,1180000000.0
CYTK,0.2945206003304728,456540000.0
CYTR,0.6820083682008367,42200000.0
CYTX,0.60287089504968,37930000.0
CZNC,0.2430051953953638,296050000.0
D,0.10513815019562456,46260000000.0
DAIO,0.5723905723905722,37280000.0
DAKT,0.2598424175395677,445130000.0
DAL,0.26552442018473665,37290000000.0
DAN,0.9999946719804782,2780000000.0
DAR,0.2592997811816191,2089999999.9999998
DATA,0.21388793949387308,4170000000.0
DAVE,0.28859060402684555,40700000.0
DBD,0.610281881445687,2260000000.0
DCI,0.15970955837996725,5580000000.0
DCO,0.33284244908325156,343460000.0
DCOM,0.15605492261557719,794200000.0
DCP,0.27999991893762344,4650000000.0
DCT,0.2668810989930037,4310000000.0
DCTH,0.9032257071948582,347126000000000.0
DD,0.1184684696245506,67000000000.0
DDD,0.40426665596965683,1920000000.0
DDE,0.29277589142723026,34780000.0
DDR,0.5399998563008486,5300000000.0
DDS,0.355525989794923,1950000000.0
DE,0.1569240336370692,34920000000.0
DECK,0.27509055109932645,1670000000.0
DEI,0.2343434881962545,5920000000.0
DEL,0.1306705906026373,933780000.0
DENN,0.38372093023255816,996110000.0
DEPO,0.38662802260794704,1010000000.0
DEST,0.4473306980426688,75260000.0
DF,0.40579702288669406,1680000000.0
DFS,0.2732025493948915,27740000000.0
DFT,0.4176477347592271,3710000000.0
DG,0.11625480686987366,21460000000.0
DGAS,0.18877542692537785,186270000.0
DGI,0.21597640532544404,2180000000.0
DGII,0.24574209245742096,344910000.0
DGLY,1.2735849056603774,25280000.0
DGSE,1.1,16850000.0
DGX,0.10827775934459383,13100000000.0
DHCC,8.0,2180000.0
DHI,0.38000008821414877,11390000000.0
DHIL,0.2252972305536456,655220000.0
DHR,0.10402859003451304,58180000000.0
DHT,0.2697546626280125,447540000.0
DHX,0.1912751677852349,267959999.99999997
DIN,1.0198674982410925,1090000000.0
DIOD,0.28246013667425984,1230000000.0
DIS,0.15972210756894678,174030000000.0
DISH,0.20350117038547055,29250000000.0
DIT,0.5000000245493825,67870000.0
DK,0.18936167598189213,1410000000.0
DKS,0.1993007058338867,5610000000.0
DLA,0.490066225165563,132300000.00000001
DLB,0.3378925712674614,5070000000.0
DLR,0.20270271064193524,16559999999.999998
DLTR,0.12774377070260634,18890000000.0
DLX,0.20705243314981736,3660000000.0
DM,0.08262713800463795,2510000000.0
DMLP,0.1306359099090766,516870000.0
DMRC,0.31560296614782546,267200000.0
DNB,0.1342292165346859,3980000000.0
DNR,0.5305164319248825,1240000000.0
DO,0.2378239798496331,2330000000.0
DORM,0.8202417209394117,2470000000.0
DOV,0.1130202950479211,12430000000.0
DOW,0.1843078614361242,74330000000.0
DPS,0.15215994321542636,17210000000.0
DPW,0.875,4200000.0
DPZ,0.224913547761306,9040000000.0
DRAD,0.5737712932695533,97410000.0
DRAM,0.5909090048208385,6220000.0
DRE,0.3805669748514664,8940000000.0
DRH,0.35429755710519917,2250000000.0
DRI,0.19966553381973884,9530000000.0
DRQ,0.1611446220310475,2370000000.0
DRRX,0.3222748815165877,139970000.0
DSCI,0.5,197880000.0
DSPG,0.2570888468809074,228980000.0
DST,0.12833775053179441,3710000000.0
DSTI,4.0,1661000000000.0
DSW,0.1685576286024082,1720000000.0
DTE,0.1297497908642753,17610000000.0
DUK,0.13305609008855712,54850000000.0
DV,0.37621787456680966,2080000000.0
DVA,0.11827956989247301,13020000000.0
DVAX,5.692307692307692,154110000.0
DVD,0.3553715114506637,85110000.0
DVN,0.21466661962867484,23170000000.0
DWCH,0.47859922178988334,98340000.0
DWSN,0.4748204314193938,170460000.0
DX,0.12876047635909726,333260000.0
DXCM,0.5025125628140705,6920000000.0
DXPE,0.6661991584852736,643170000.0
DXR,0.27421995722089565,33369999.999999996
DXYN,0.26206896551724146,54760000.0
DY,0.2651072124756335,2520000000.0
DYII,2.2439024390243905,1120000.0
DYN,0.1407907425265189,1060000000.0
DYNT,0.920689655172414,8050000.000000001
EAT,0.3216866527414053,2190000000.0
EBAY,0.20734146519953822,36700000000.0
EBF,0.1560321767326487,434760000.0
EBIX,0.39027457266433574,1920000000.0
EBS,0.3887775551102204,1230000000.0
EBSB,0.1337966291966226,990780000.0
EBTC,0.19999990043452853,389000000.0
ECHO,0.34320559484353064,695460000.0
ECL,0.11417717369382308,36140000000.0
ECOL,0.21298493043256683,1100000000.0
ECPG,0.43986254295532645,864260000.0
ED,0.09173092730054289,22420000000.0
EDCI,1.3333333333333335,3430000.0
EDGW,0.3793103448275863,80450000.0
EDMC,0.714285714285714,2020000.0
EDR,0.2379182253049219,2970000000.0
EDUC,0.3950233668252445,35720000.0
EE,0.099153517732393,1890000000.0
EEFT,0.2727272727272727,4420000000.0
EEI,0.6091245238355767,43150000.0
EEP,0.23753242273037922,6300000000.0
EEQ,0.23297657878390843,1510000000.0
EFII,0.14822546972860118,2230000000.0
EFOI,0.42750533049040507,52610000.0
EFSC,0.22797652798036472,913050000.0
EFX,0.12091307300812382,15600000000.0
EGAS,0.6471354959322468,133070000.0
EGBN,0.34466039506548607,2130000000.0
EGHT,0.45977011494252884,1360000000.0
EGN,0.20747659250039518,5380000000.0
EGOV,0.19154488027046224,1440000000.0
EGP,0.15931779914688704,2370000000.0
EGT,1.692307692307692,20680000.0
EGY,0.252631468121004,66260000.00000001
EHTH,0.28404338830228104,204690000.0
EIG,0.18707482744289172,1190000000.0
EIX,0.13070004726170747,24870000000.0
EL,0.18470937048985148,31140000000.0
ELGX,0.33606557377049184,558990000.0
ELNK,0.16524252143283036,593910000.0
ELON,0.3568281340604347,20960000.0
ELS,0.2092329437177356,6540000000.0
ELSE,0.3636364293994563,13920000.0
ELTP,1.2222222222222223,131259999.99999999
ELY,0.1983469873146413,974070000.0
EMAN,0.4347816367408257,66410000.0
EMCI,0.3392282568585594,603340000.0
EME,0.19313555280882944,4210000000.0
EMIS,1.3333333333333335,30340000.0
EMKR,0.6666663886314748,269830000.0
EML,0.18761610567547904,121950000.0
EMMS,1.8888888888888888,35820000.0
EMN,0.20869824587618924,11760000000.0
EMR,0.15398441291070686,39920000000.0
ENDP,0.2882676967980684,2920000000.0
ENG,0.40314136125654465,69780000.0
ENH,0.35267862794528604,6280000000.0
ENOC,0.6947115384615383,174700000.0
ENR,0.167194433320627,3330000000.0
ENS,0.2019773302225436,3430000000.0
ENSG,0.19272770501758862,921760000.0
ENTG,0.3513513513513513,3100000000.0
ENZ,0.22943722943722933,316620000.0
ENZN,0.35135175014829234,15780000.0
EOG,0.2040611092540714,57090000000.0
EPAY,0.2005012430826445,966220000.0
EPD,0.244698206407304,60670000000.0
EPE,0.7404580152671754,1220000000.0
EPIX,0.5986666666666667,64879999.99999999
EPM,1.2727259944420162,293990000.0
EPR,0.20202025062134576,4770000000.0
EQR,0.23550174832371207,22530000000.0
EQT,0.23749456786319567,10730000000.0
EQY,0.19606412532836393,4540000000.0
ERIE,0.11321858091605441,5970000000.0
ERII,1.975609756097561,484250000.0
ES,0.10757176494541931,17790000000.0
ESBK,0.49526810312282565,59040000.0
ESCA,0.6071427735202732,185910000.0
ESCC,3.4444444444444446,14300000.0
ESE,0.23271705297255663,1420000000.0
ESGR,0.2635948733914488,3730000000.0
ESIO,0.20138876543845496,221500000.0
ESL,0.19377049180327854,2670000000.0
ESMC,1.5128205128205128,1060000.0
ESP,0.11641792669518769,56770000.0
ESRX,0.1667472208796521,42380000000.0
ESS,0.1487087858638838,14950000000.0
ESSA,0.07854415077960408,175140000.0
ETE,0.3393601716251826,19930000000.0
ETFC,0.4999999999999998,10210000000.0
ETH,0.26001612364014903,771170000.0
ETM,0.29666005115947836,629450000.0
ETN,0.10400007452511817,32270000000.000004
ETP,0.3103174248657403,20800000000.0
ETR,0.14197805378475592,13170000000.0
ETRM,1.1034483036634666,11550000.0
EV,0.2506047210722888,4780000000.0
EVBN,0.2554693621922115,174500000.0
EVBS,0.2500003470626697,141650000.0
EVC,1.619833813661776,484280000.0
EVOL,0.4025977433842789,54180000.0
EVR,0.22829965765324767,3130000000.0
EW,0.16859435428368252,19180000000.0
EWBC,0.5502891639762024,7760000000.0
EXAC,0.20113717128642494,356730000.0
EXAR,0.15354330708661412,570480000.0
EXAS,0.5366795366795367,2160000000.0
EXC,0.17201346390610572,32970000000.0
EXEL,0.5038363171355498,6620000000.0
EXLS,0.22077922077922096,1580000000.0
EXP,0.26672869115249376,5090000000.0
EXPD,0.18277120835600158,10190000000.0
EXPE,0.2851746309214829,17890000000.0
EXPO,0.18806161996330295,1530000000.0
EXR,0.2448074157931932,9720000000.0
EXTR,0.31128404669260723,669570000.0
EZPW,0.20320855614973277,496770000.0
F,0.2951814895049081,50000000000.0
FAC,0.30097087378640786,61230000.0
FAF,0.11399364771211595,4280000000.0000005
FALC,0.28840970350404316,29680000.0
FARM,0.24766839378238337,541470000.0
FARO,0.2561442521105546,638610000.0
FAST,0.13617815765572017,14670000000.0
FBC,0.5686274490580545,1620000000.0
FBNC,0.2017066975687538,645120000.0
FBP,0.5476191269801589,1400000000.0
FC,0.39130434782608714,247040000.0
FCBC,0.2193267408241888,470050000.0
FCEL,0.37404582896297023,64430000.00000001
FCF,0.22826083615478843,1270000000.0
FCFS,0.17471876441605638,2109999999.9999998
FCH,0.6285712975674693,996210000.0
FCN,0.16506024096385552,1720000000.0
FCX,0.2866162014663478,21470000000.0
FDEF,0.19402993390413736,448660000.0
FDP,0.22091311531255875,3030000000.0
FDS,0.17968750636408348,7190000000.0
FDX,0.11831975871956901,51620000000.0
FE,0.17689767559791525,13200000000.0
FEIM,0.32599079185282487,93570000.0
FELE,0.17345838977538897,1890000000.0
FFBC,0.23826715815550226,1760000000.0
FFG,0.5893204819565263,1760000000.0
FFIC,0.21895435411801878,834600000.0
FFIN,0.1224416310492531,2890000000.0
FFIV,0.23526564080842305,9290000000.0
FFKT,0.278499229181556,300660000.0
FFNW,0.20910207405526648,212630000.0
FGP,0.33096712670217787,619830000.0
FHCO,0.3283132530120483,32900000.0
FHN,0.29103491565890227,4700000000.0
FICO,0.25055192884714894,4030000000.0000005
FIG,0.4960626728231814,1730000000.0
FII,0.1990171781579806,2640000000.0
FINL,0.40282673541195346,702090000.0
FIS,0.27265435223494916,26830000000.0
FISI,0.3123425256226775,496630000.0
FISV,0.16514534140642656,24620000000.0
FIT,0.14873801528659913,1330000000.0
FITB,0.6036585191025734,20670000000.0
FIX,0.191574662174252,1260000000.0
FIZZ,0.20287778953655566,2690000000.0
FL,0.13696591341914566,9400000000.0
FLIC,0.13317758874417707,668310000.0
FLIR,0.2347505294037262,4990000000.0
FLL,0.9888888888888889,51670000.0
FLO,0.13329406146247424,4099999999.9999995
FLOW,0.08914733959047183,1430000000.0
FLR,0.20640991743492898,7860000000.0
FLS,0.20561080525628594,6310000000.0
FLWS,0.3820224719101124,655690000.0
FLXS,0.26208951257316637,411160000.0
FMBI,0.26527334778350564,2000000000.0
FMC,0.22543347142777614,7800000000.0
FNB,0.21612218035748199,3330000000.0
FNF,0.344909882950855,10200000000.0
FNLC,0.34361508942409213,301990000.0
FNSR,0.402061752488756,3740000000.0
FOE,1.0693069306930694,1180000000.0
FOLD,0.3326203208556151,892380000.0
FONR,1.9716981132075468,117250000.0
FOR,0.3846153846153846,444980000.0
FORD,1.6153846153846154,9910000.0
FORM,0.21306638913546916,839050000.0
FORR,0.17802507129498557,688640000.0
FOSL,0.31494477267595977,999190000.0
FPO,0.18223580295693442,612880000.0
FPP,0.48032786885245904,5440000.0
FR,0.5118859543282337,3090000000.0
FRBK,0.33867276887871833,345480000.0
FRD,0.1942602954177537,42970000.0
FRED,0.8107624215246638,661570000.0
FRME,0.1795918039424107,1680000000.0
FRP,0.4432314410480349,491700000.0
FRPT,0.2832929782082325,351390000.0
FRT,0.21655769066889663,10140000000.0
FSBK,0.27467108406373764,116870000.0
FSLR,0.4552513515069767,3620000000.0
FSNN,0.6666666666666667,26910000.0
FSP,0.30404621811927357,1310000000.0
FSS,0.262008762496315,915350000.0
FSTR,0.2422763373736827,139790000.0
FTEK,0.24010554089709757,28840000.0
FTI,0.19937082186394028,3830000000.0
FTK,0.37920242376856916,710320000.0
FTNT,0.21912144702842373,6490000000.0
FTR,0.16162968068053107,3860000000.0
FUEL,0.20853080568720372,112590000.0
FUL,0.234398001937143,2480000000.0
FULT,0.18764850715102455,3320000000.0
FUN,0.23390902167830752,3730000000.0
FUNC,0.2857142857142858,97480000.0
FVE,0.5343915343915344,123780000.0
FWRD,0.12219323648836955,1520000000.0
G,0.15130428689194608,4770000000.0
GABC,0.1190476470202606,755880000.0
GAIA,0.2724719031534075,134790000.0
GBCI,0.17037671173648494,2800000000.0
GBL,0.2783433343506585,853720000.0
GBNK,0.31578946624334825,687150000.0
GBX,0.2638888279103939,1270000000.0
GCI,0.10862351919461943,1030000000.0
GCO,0.16736401673640167,1200000000.0
GD,0.11727571141463033,56960000000.0
GE,0.19703119686628456,267100000000.00003
GEF,0.14864860298269877,2730000000.0
GEL,0.3099220174905297,4099999999.9999995
GENC,0.2689873417721518,211330000.0
GEO,0.21373658072858492,3340000000.0
GERN,0.4472222499783993,362850000.0
GES,0.2214765866859143,1100000000.0
GFF,0.1832334892224301,993210000.0
GGG,0.17051379479960227,5080000000.0
GGP,1.4389804286193337,22140000000.0
GHDX,0.250251256281407,978940000.0
GHL,0.18881119280452419,874400000.0
GHM,0.3246269130710633,223670000.0
GIFI,0.24411765486134862,192570000.0
GIGA,1.396694214876033,8210000.000000001
GIII,0.24866785079928966,1290000000.0
GILD,0.13824389977564566,91500000000.0
GIS,0.09430388047770855,34350000000.0
GLBL,0.24803157119357566,520850000.0
GLDD,0.28510611300269306,301650000.0
GLF,0.3529411764705881,36440000.0
GLP,0.2895926876817885,668980000.0
GLRE,0.2814937970181828,876230000.0
GLT,0.2153634906838957,1020000000.0
GLUU,0.52,275500000.0
GLW,0.1834146024292984,25660000000.0
GME,0.17536433868442325,2600000000.0
GMET,5.0,149898000000000.0
GMO,0.5609756097560976,72860000.0
GNK,0.5249999999999999,72220000.0
GNTX,0.19570721218936327,5920000000.0
GNVC,0.7777777777777777,16000000.0
GNW,0.8888888888888888,1980000000.0
GOLF,0.10629525832276898,1310000000.0
GOOG,0.19991545156025703,572540000000.0
GPC,0.10130825525380494,14970000000.0
GPI,0.41873301110694405,1650000000.0
GPIC,0.569767487682141,90700000.0
GPK,0.6479994847927157,4240000000.0
GPN,0.19167066407053546,11870000000.0
GPOR,0.3005272407732864,3090000000.0
GPRE,0.41590896212325656,913130000.0
GPRO,0.20345253276085162,1310000000.0
GPS,0.27234503492736994,9760000000.0
GPX,0.41874999999999996,424660000.0
GRA,0.35617859885108794,4870000000.0
GRC,0.22278059197981892,792710000.0
GRIF,0.37382801874586846,159290000.0
GRMN,0.23841061645494688,9570000000.0
GROW,0.3620885470879105,27210000.0
GS,0.2646782426024006,103860000000.0
GSAT,0.35359116022099446,1540000000.0
GSB,1.4032243753067104,82630000.0
GSBC,0.40718560476293053,719350000.0
GSIT,0.3735294117647059,142480000.0
GSM,0.17273689898349254,1960000000.0
GST,0.5263157894736843,259899999.99999997
GT,0.1985649182949163,9080000000.0
GTLS,0.23324630113141853,1190000000.0
GTN,0.5555555555555558,902080000.0
GTS,0.21552132844886995,447000000.0
GTXI,0.4923857743049296,74820000.0
GTY,0.21066665009599528,881400000.0
GUID,0.3414634146341462,213240000.0
GV,0.4545454545454546,178160000.0
GVA,0.2202879324076341,2120000000.0
GVP,0.33603238866396734,60720000.0
GWR,0.15355805243445708,4360000000.0
GWW,0.11430388843586425,14990000000.0
GXP,0.11737371862797819,4350000000.0
H,0.07005464810801088,6990000000.0
HA,0.20869565217391295,2690000000.0
HAE,0.17222723174030663,1960000000.0
HAFC,0.3999999551157447,1080000000.0
HAIN,0.19082755227552273,3620000000.0
HAL,0.2354968839015461,46560000000.0
HALL,0.3846153846153848,207510000.0
HALO,0.5964912280701753,1620000000.0
HAR,0.251796916279851,7760000000.0
HARL,0.2333966117713404,78460000.0
HAS,0.12694807703112687,12310000000.0
HAUP,1.9705882352941173,492435300000000.0
HAYN,0.24900387750729114,518690000.00000006
HBAN,0.5007405876354956,15340000000.0
HBCP,0.11287753755899099,269740000.0
HBHC,0.150715296982447,3940000000.0
HBI,0.299532244318369,7960000000.0
HBIO,0.21607720451773682,106560000.0
HBNC,0.15229105875237936,581990000.0
HCCI,0.20000000000000018,345110000.0
HCKT,0.31715229629368613,475120000.0
HCN,0.15221704588922513,23900000000.0
HCP,0.22781073040768351,14550000000.0
HCSG,0.13208163330305123,3030000000.0
HD,0.14066630328342478,174200000000.0
HDNG,0.47445264086782024,141820000.0
HDSN,1.5,263140000.0
HE,0.14295850921141318,3550000000.0
HEB,0.6428571003401189,11110000.0
HEES,0.23574942014274414,855220000.0
HELE,0.21236872812135354,2640000000.0
HEOP,0.22222195737242512,470530000.0
HEP,0.2718073027367953,2330000000.0
HES,0.1669700295605876,16210000000.0
HEWA,1.2999999999999998,11500000.0
HF,0.3092118064704137,1170000000.0
HFWA,0.1520000266089394,749600000.0
HGG,0.2920792079207921,12950000.0
HGT,0.3469385406717833,82000000.0
HH,0.8333344444444442,8490000.0
HHS,0.5840707964601772,97950000.0
HI,0.10511202700551969,2320000000.0
HIBB,0.17300521998508578,652270000.0
HIG,1.0235783873748407,18080000000.0
HIL,0.5894495412844034,256250000.0
HIW,0.2326247968651396,5190000000.0
HK,0.8272726971382396,834940000.0
HL,0.3454548529295709,2600000000.0
HLF,0.2545353017400962,5700000000.0
HLIT,0.25107296137339064,446580000.0
HLS,0.24819268791434945,3770000000.0
HLX,0.3274999999999999,893280000.0
HMN,0.2717947065998654,1690000000.0
HMNF,0.565597667638484,77890000.0
HMSY,0.22465320170757752,1580000000.0
HNI,0.30361641068776324,2049999999.9999998
HNR,3.635416666666667,72440000.0
HOFT,0.1873277361354182,382420000.0
HOG,0.20490367301408652,10050000000.0
HOLL,0.3846153846153846,16790000.0
HOLX,0.18091542746427702,11170000000.0
HOMB,0.16747673446591826,3930000000.0
HOME,0.09000000000000008,950760000.0
HON,0.11746755112296281,94810000000.0
HOS,0.197651663405088,169500000.0
HOV,0.5,338780000.0
HP,0.2650352021273614,7410000000.0
HPQ,0.1709844512083316,27200000000.0
HPT,0.29558998732879505,5220000000.0
HR,0.19790892077918265,3610000000.0
HRB,0.18693402042910812,4250000000.0
HRC,0.1296296204162759,4200000000.0
HRG,0.11720686382608858,3550000000.0
HRL,0.10775113127909619,19700000000.0
HRS,0.17407402024449659,13620000000.0
HRT,0.40000002431137416,12110000.0
HSC,0.16247239086890453,1120000000.0
HSIC,0.09743779507316619,13530000000.0
HSII,0.2134251165970118,405090000.0
HSKA,0.5555551744363532,572950000.0
HSNI,0.5218580705934004,1880000000.0
HST,0.26984124906837437,13610000000.0
HSTM,0.3004613033448673,735710000.0
HSY,0.16831376012815724,22830000000.0
HT,0.224899552045011,871950000.0
HTBK,0.28490259769652915,539140000.0
HTCO,,217600000.0
HTH,0.22487437755438178,2780000000.0
HTLD,0.2067040188600031,1710000000.0
HTLF,0.20799568045191386,1280000000.0
HTM,0.4516129032258065,81930000.0
HUBG,0.20018302447952419,1710000000.0
HUM,0.20312756979165258,30550000000.0
HUN,0.7142857663207973,5090000000.0
HURC,0.3315818779200914,184040000.0
HURN,0.3761869978086194,897840000.0
HUSA,0.5609756097560976,10100000.0
HVT,0.18776388927800403,475900000.0
HW,0.42622950819672134,1720000000.0
HWBK,0.28142784215631234,112200000.0
HWCC,0.2647059469463664,114660000.0
HWKN,0.23030303449376777,532130000.0
HXL,0.23679058130251263,4890000000.0
HZO,0.5476190476190477,550320000.0
IART,0.11398442402724318,3300000000.0
IBCP,0.5869566265929151,458110000.0
IBKC,0.18085582394158517,3820000000.0
IBKR,0.14698911539371018,2630000000.0
IBM,0.11514997507673819,171380000000.0
IBOC,0.1841473006761163,2530000000.0
ICAD,0.5891472868217054,60170000.0
ICE,0.40799486850328925,6720000000.0
ICFI,0.18780698677240726,995240000.0
ICON,0.2083553675304073,522549999.99999994
ICTG,0.9093851132686086,15240000.0
ICUI,0.20037310449153378,2490000000.0
IDA,0.10668326635990466,4030000000.0000005
IDCC,0.34013969060979377,3410000000.0
IDN,0.7555555555555555,29580000.0
IDRA,0.38596491228070184,256920000.00000003
IDSA,0.8088540248487872,19200000.0
IDSY,0.2206855213881853,80200000.0
IDT,0.8899933442034988,454800000.0
IDTI,0.18447286324786316,3260000000.0
IDXX,0.1559253794940081,12700000000.0
IEC,0.4150943396226414,36690000.0
IESC,0.44827597337229275,425720000.0
IEX,0.13486114940030136,7020000000.0
IFF,0.1611628704838588,9720000000.0
IFON,0.8620672810291867,10790000.0
IGOI,0.1688804554079697,7750000.0
IGT,0.1703512179880673,5500000000.0
IHC,0.4344261448983031,303790000.0
III,0.2638883687702187,110580000.0
IIIN,0.8181843245553173,711180000.0
IIN,1.016326530612245,51010000.0
IIVI,0.23091320990222597,2440000000.0
ILMN,0.46325294410328843,23900000000.0
IMGN,0.7193763919821825,212790000.0
IMMR,0.34754797441364604,331740000.0
IMMU,0.6056338028169015,566460000.0
IMN,0.375,28920000.0
INAP,0.433628318584071,94810000.0
INCY,0.3348148518518519,22820000000.0
INDB,0.16270573415180634,1720000000.0
INFI,0.44047619047619047,121340000.0
INFN,0.44160942100098133,1650000000.0
INO,3.2972972972972974,515460000.00000006
INOD,0.455919395465995,57650000.0
INS,0.5943395532851408,39110000.0
INSM,0.5454545454545452,954760000.0
INT,0.3151237409824048,2680000000.0
INTC,0.11849902777872234,172730000000.0
INTT,0.750005170951662,51390000.0
INTU,0.15037394893519096,30760000000.0
INTX,0.7817261728244413,84690000.0
INUV,0.8,40380000.0
INVC,9.0,3264000000.0
INVE,1.139097739131664,62080000.0
INWK,0.19140625,526970000.0
IO,0.40659327134410983,56010000.0
IP,0.21883575517764386,21450000000.0
IPAR,0.25663706560511135,1100000000.0
IPAS,0.2192982456140351,85070000.0
IPCC,0.12085041562108545,983900000.0
IPG,0.3512194712945973,9730000000.0
IPGP,0.37035968345323744,6360000000.0
IPHS,0.27442965846066136,958330000.0
IPI,0.36813186813186816,166690000.0
IRBT,0.32851504599211534,1510000000.0
IRET,0.11006278492943777,795010000.0
IRIX,0.3696369636963699,153130000.0
IRM,0.2005375083172536,9790000000.0
ISBC,0.09692664748849533,4420000000.0
ISCA,0.08883720210615764,1720000000.0
ISIG,1.0370396792557823,17590000.0
ISIL,0.19820971867007664,3040000000.0
ISLE,0.3230994152046782,1010000000.0
ISNS,0.797843665768194,18760000.0
ISR,1.5925925925925921,30250000.0
ISRG,0.3232275676542167,28110000000.0
ISSC,0.36854444676838805,53200000.0
IT,0.17614804660726535,8520000000.0
ITG,0.19025243783001655,653830000.0
ITI,0.30000000000000004,171510000.0
ITIC,0.1546175616401657,254080000.0
ITRI,0.21617021276595727,2450000000.0
ITT,0.17256394929176877,3710000000.0
ITW,0.1304610305095848,45160000000.0
IVAC,0.27603008418254316,217710000.0
IVC,0.18543036287439163,390790000.0
IVR,0.10265473070899112,1730000000.0
IVZ,0.2805100756314789,13290000000.0
IXYS,0.28662416704072036,410150000.0
JACK,0.1724519819540673,3470000000.0
JACO,4.5,37764000000000.0
JAKK,0.2525252525252526,82290000.0
JAX,0.10876803551609338,147000000.0
JAZZ,2.0980392156862746,8220000000.000001
JBHT,0.09731275242931958,11250000000.0
JBL,0.3648295640522763,4720000000.0
JBLU,0.21383647798742134,6510000000.0
JBSS,0.34532382977810583,696060000.0
JBT,0.24914666099592364,2480000000.0
JCI,0.19321533819798353,39340000000.0
JCOM,0.16551198365288133,3900000000.0
JCP,0.25335570469798663,2170000000.0
JCS,0.20639149922129252,41830000.0
JEC,0.2160424599229307,6970000000.0
JERT,5.5,148588000000000.0
JJSF,0.1374872104230913,2430000000.0
JKHY,0.13131303920779702,7180000000.0
JLL,0.2267672588088656,5260000000.0
JMBA,0.252336448598131,149460000.0
JMP,0.22596167381010313,139690000.0
JNJ,0.12229188934222024,323360000000.0
JNPR,0.305276908818054,10790000000.0
JNS,0.430243064515508,2190000000.0
JOB,1.03448275862069,43230000.0
JOE,0.1583206879109762,1270000000.0
JOUT,0.20333347404048552,331220000.0
JPM,0.2509672930595166,322180000000.0
JSDA,0.8076923076923075,20460000.0
JVA,0.6115384162309778,26150000.0
JWN,0.24967977269172437,7920000000.0
K,0.07795419522622726,25590000000.0
KAI,0.21510306060841855,678310000.0
KALU,0.1821560959294588,1460000000.0
KAMN,0.12457919575908072,1410000000.0
KAR,0.08612127605243636,6420000000.0
KBH,0.2032418740919928,1420000000.0
KBR,0.15968071554004304,2350000000.0
KCLI,0.26764146853091453,452200000.0
KEG,0.6666666666666667,5420000000.0
KEQU,0.3228699533675472,68720000.0
KERX,1.1428571428571428,536159999.99999994
KEX,0.1743819775280897,3840000000.0
KEY,0.5425258335618344,20460000000.0
KFFB,0.17605646009626685,83700000.0
KFRC,0.2999999138411593,650660000.0
KFY,0.1621910999088405,1760000000.0
KIM,0.33687956051928847,10340000000.0
KIRK,0.3012050960975108,181250000.0
KLAC,0.18789451815467761,13860000000.0
KLIC,0.27826086956521756,1460000000.0
KMB,0.08621627641983887,47000000000.0
KMT,0.14293413581570436,3110000000.0
KMX,0.18840579710144922,12540000000.0
KND,0.2833675582401103,617410000.0
KNL,0.1669605767423208,1090000000.0
KNX,0.11066671203537548,2630000000.0
KO,0.13879511852651039,176790000000.0
KONA,0.7161572052401748,87500000.0
KOOL,1.3846153846153846,29160000.0
KOP,0.27694605607938994,885370000.0
KOPN,0.24090909090909074,226090000.0
KR,0.10174726978530546,31910000000.0
KRA,0.15614778663617512,833190000.0
KRC,0.2044462924056467,7080000000.0
KRG,0.23272723618629088,1950000000.0
KRNY,0.41287997789093334,1330000000.0
KRO,0.24319995094063285,1650000000.0
KS,0.8857151642539769,2250000000.0
KSS,0.161671843936932,7410000000.0
KSU,0.19952496932088293,9270000000.0
KTCC,0.5246636771300448,78860000.0
KTEC,0.25325884543761634,83350000.0
KTOS,0.32203389830508455,504100000.0
KVHI,0.6061643835616439,170530000.0
KWR,0.2267440886798071,1760000000.0
L,0.23639846963669875,15810000000.0
LABL,0.24001897607415978,1210000000.0
LAD,1.2249999492291979,2540000000.0
LAKE,0.5249568846815833,77690000.0
LANC,0.10521620226198336,3640000000.0
LAWS,0.3563444328265326,231830000.0
LAYN,0.26567656765676584,192310000.0
LAZ,0.16585949576318537,5350000000.0
LB,0.21905685015592424,16450000000.0
LBAI,0.26742597032490867,946800000.0
LBTYA,0.17972295371739833,32890000000.0
LBY,0.6393441922910055,388150000.0
LCI,0.32608695652173925,833030000.0
LCUT,0.3309354162001088,212140000.0
LDIS,,240616000000.0
LDL,0.22070844686648505,1020000000.0
LDR,0.12631832004035615,490720000.0
LECO,0.13740456688942304,5600000000.0
LEE,0.5757575757575757,152770000.0
LEG,0.17281107120417838,6490000000.0
LEN,0.31659398789758075,10890000000.0
LFUS,0.19969912101637033,3720000000.0
LGND,0.5037595115586044,2210000000.0
LH,0.10967977548767016,14420000000.0
LHCG,0.32172865146058416,877900000.0
LHO,0.31503264118701746,3370000000.0
LIFE,0.2889632107023412,84200000.0
LII,0.1421211764152277,6980000000.0
LIME,1.6273584905660377,22750000.0
LINC,1.04,46480000.0
LION,0.5748039158443783,630020000.0
LIOX,0.4334038054968288,331870000.0
LJPC,53.31249999999999,346280000.0
LKFN,0.2521994466599182,1150000000.0
LL,0.2679557539622004,418510000.0
LLL,0.10000000300373135,13000000000.0
LLNW,0.38888888888888884,258010000.0
LLTC,0.2892510945623141,15630000000.0
LLY,0.1434949222313069,86190000000.0
LM,0.3035440108028,3580000000.0
LMAT,0.3130841838535343,442280000.0
LMIA,1.9809523809523806,183740000.0
LMNX,0.3308108648648649,780520000.0
LMT,0.10517619671831913,76690000000.0
LNC,0.4366999426522937,16219999999.999998
LNCE,0.33125000383120606,3750000000.0
LNDC,0.2241054613935971,365420000.0
LNG,0.6862745098039216,10690000000.0
LNN,0.2601002143958595,835410000.0
LNT,0.15026759133743894,8660000000.0
LOGM,0.21671172051730792,2440000000.0
LOPE,0.20433442724458217,2860000000.0
LORL,0.3288691045006804,1270000000.0
LOV,0.17931034482758612,27960000.0
LOW,0.16498506833638182,66750000000.0
LPAD,0.6363636363636362,66629999.99999999
LPNT,0.1421823334907888,2560000000.0
LPSN,0.45066666666666677,393820000.0
LPTH,1.56,34590000.0
LPX,0.24102564102564106,3540000000.0
LQDT,0.3041666249999999,266820000.0
LRCX,0.19797979639226915,18710000000.0
LRN,0.30316742081447967,691770000.0
LSCC,0.2047619047619047,835320000.0
LSI,0.15607215036171418,3950000000.0
LSTR,0.13621794461346637,3650000000.0
LTC,0.14761653166404765,1830000000.0
LTRE,0.46875,30420000.0
LTRX,0.6076922051302565,39130000.0
LTS,0.5384615384615383,444010000.0
LUB,0.22991689750692546,104850000.0
LUK,0.20646789987439607,9200000000.0
LUNA,0.9464285714285714,53710000.0
LUV,0.17064444918219634,35270000000.0
LVLT,0.37500006944444464,20620000000.0
LVS,0.8000002062278755,41350000000.0
LWAY,0.43027400824940476,186900000.0
LXP,0.30943393044193757,2650000000.0
LXRX,0.6234566556736474,1640000000.0
LXU,0.3434247871333962,264600000.00000003
LYTS,0.28166915906262036,249310000.0
LYV,0.32446808510638325,6010000000.0
LZB,0.3899081020616768,1420000000.0
M,0.18181806781981025,9870000000.0
MA,0.20846318577326062,117950000000.0
MAA,0.2304761526119492,11310000000.0
MAC,0.3177442358984994,9560000000.0
MACE,1.6229508196721314,24800000.0
MAG,0.18181818181818188,1290000000.0
MAN,0.16725054840790587,6570000000.0
MANH,0.1517792443278787,3550000000.0
MANT,0.15201323185007176,1560000000.0
MAR,0.15170273218354557,34890000000.0
MAS,0.18256127717969473,10660000000.0
MASI,0.13373059709804558,4240000000.0
MAT,0.1519570157132899,8940000000.0
MATW,0.11285665689829205,2190000000.0
MBFI,0.18488621706832364,3770000000.0
MBI,0.46549707602339163,1390000000.0
MBRG,0.17940193685573513,256430000.0
MBTF,0.6153846153846154,250550000.0
MBVT,0.31202438753855355,357090000.0
MBWM,0.3106800463739494,549120000.0
MCBC,0.2566841933990225,345850000.0
MCD,0.09389492124978238,106130000000.0
MCF,0.3564078631498504,223320000.0
MCHP,0.151782627129615,15510000000.0
MCHX,0.28333306342668196,117990000.0
MCK,0.16034831398471217,31860000000.0
MCO,0.1590789566173041,21540000000.0
MCRI,0.3425253991291728,414920000.0
MCS,0.19059563005703684,824790000.0
MCY,0.21064303155178066,3220000000.0
MD,0.13299836065573767,6500000000.0
MDC,0.14207220916043473,1460000000.0
MDCO,0.33654876741693474,3750000000.0
MDP,0.1637853713334272,2820000000.0
MDR,0.3063583815028901,1930000000.0
MDRX,0.536723163841808,2270000000.0
MDSO,0.22273463855847409,3130000000.0
MDT,0.10299995272293594,108310000000.0
MDU,0.23861450890113534,5130000000.0
MED,0.3222589732643075,533990000.0
MEI,0.43065691315719334,1550000000.0
MENT,0.21492288478079002,4040000000.0
MERR,3.0,9120000000000.0
MET,0.2800000205959958,58030000000.0
MFA,0.18181803270263086,2980000000.0
MFRI,0.3223684210526314,65160000.0
MFSF,0.16290324662106048,230340000.0
MG,0.37666900913562884,660870000.0
MGEE,0.08818827659450568,2200000000.0
MGI,0.32022464887640445,678030000.0
MGLN,0.17792584544102463,1820000000.0
MGM,0.48089171974522293,15270000000.0
MGPI,0.39999939927853356,733780000.0
MGRC,0.27823921963453113,927350000.0
MHH,0.4957984905715307,27980000.0
MHK,0.2956107879428873,16430000000.0
MHLD,0.44044334100710003,1440000000.0
MHO,0.3586497890295359,580980000.0
MIC,0.4267239448288558,6510000000.0
MIDD,0.14592568481564938,7950000000.0
MIND,0.20702402957486132,56140000.0
MINI,0.23309860848677255,1470000000.0
MJN,0.11518706477240959,16129999999.999998
MKC,0.08143610681050917,12220000000.0
MKL,0.20783257798784605,13460000000.0
MKSI,0.1409523187296946,3610000000.0
MKTX,0.3294797761045689,7110000000.0
MKTY,0.8571428571428572,13950000.0
MLAB,0.22594599229236012,455170000.0
MLHR,0.17900381743234628,1810000000.0
MLI,0.20294698641500086,2410000000.0
MLM,0.17441484526784312,13840000000.0
MLNK,0.4063926940639271,94030000.0
MLP,0.28771929824561404,150270000.0
MLR,0.16738501148827067,285330000.0
MLSS,1.7999999999999998,40680000.0
MMC,0.14430785838998506,37790000000.0
MMM,0.09878364479823887,109070000000.0
MMP,0.3530474322186521,18260000000.0
MMRF,1.0547945205479454,78234000000000.0
MMS,0.19575079743650825,3810000000.0
MMSI,0.1905829596412556,1260000000.0
MNI,0.6186441525423729,86360000.0
MNKD,0.738805970149254,251630000.0
MNOV,0.5340909090909092,210960000.0
MNRO,0.09999972614381747,1880000000.0
MNTA,0.8189439228834872,1310000000.0
MNTX,0.5333333333333334,132840000.0
MO,0.16375282844254224,141560000000.0
MOC,0.5580110497237567,27180000.0
MOCO,0.1438356876372795,115620000.0
MOD,0.40837696335078544,573310000.0
MOFG,0.1830985182928222,416840000.0
MOH,0.2639279122115925,2750000000.0
MON,0.19043979532827815,47800000000.0
MORN,0.1997546798112222,3440000000.0
MOS,0.2145603508737879,11760000000.0
MOSY,0.852857142857143,23210000.0
MOV,0.2641975369684102,590500000.0
MPAA,0.25510976532929575,541910000.0
MPG,0.34265738540556634,1560000000.0
MPW,0.24398637068316575,4250000000.0
MPWR,0.17035162507353352,3530000000.0
MPX,0.30927825582978885,390320000.0
MRCY,0.2398897058823528,1540000000.0
MRGE,,588000000.0
MRK,0.130329299233511,180290000000.0
MRLN,0.6666664078556392,293690000.0
MRNA,1.6399999999999997,62685000000.0
MRO,0.2335683929394361,13750000000.0
MRT,0.03675783930206089,352640000.0
MRTN,0.2135728876771641,779950000.0
MRVC,0.5454545983732475,54120000.0
MRVL,0.23295452144777595,8029999999.999999
MS,0.8698348168560623,85470000000.0
MSA,0.16725834648172255,2630000000.0
MSCC,0.206973293768546,6260000000.0
MSEX,0.09918582635703155,578260000.0
MSFG,0.2600000428135574,833370000.0
MSFT,0.18604651699457064,499350000000.0
MSL,0.18934912927424108,166450000.0
MSM,0.10159233490912567,5930000000.0
MSN,1.1724137931034484,31400000.0
MSON,0.4692982456140353,86520000.0
MSTR,0.3095033966287799,2210000000.0
MTB,0.2105785733851837,26230000000.0
MTD,0.22683757542045146,12230000000.0
MTEX,0.6412810835073139,52380000.0
MTG,0.7463235294117645,3650000000.0
MTH,0.3312788906009245,1370000000.0
MTN,0.19232472342790286,7210000000.0
MTRX,0.29756097560975614,458730000.0
MTSC,0.1592539561718609,936250000.0
MTW,0.27685945643328336,908320000.0
MTX,0.15835498126529535,2770000000.0
MTZ,0.3959731543624163,3040000000.0
MU,0.2344322344322345,25750000000.0
MUR,0.17220354818744177,4840000000.0
MVIS,1.105691056910569,98180000.0
MWA,0.24528266094667872,2049999999.9999998
MXC,0.5243727240143368,9660000.0
MXIM,0.1086837311220945,12750000000.0
MXWL,0.24622356495468267,159310000.0
MYE,0.22327469462257388,418910000.0
MYGN,0.1935857880056333,1270000000.0
MYL,0.20498614958448758,22500000000.0
MYRG,0.1694915254237288,619430000.0
MYRX,1.0,2069999.9999999998
NAII,0.2674094707520891,61400000.0
NANO,0.28773234200743514,678090000.0
NANX,0.3818181818181816,22800000.0
NASB,0.39203091560388637,298740000.0
NATH,0.12724849884778267,256620000.0
NATI,0.16365525577809703,4139999999.9999995
NAV,0.40653880597014913,2220000000.0
NAVG,0.1530815349538619,1630000000.0
NAVI,0.17161960230430107,4500000000.0
NBIX,0.8965163934426232,3840000000.0
NBL,0.2383105920035844,16010000000.000002
NBR,0.22247529139936106,4340000000.0
NBTB,0.13290924414811323,1800000000.0
NBY,0.6897959183673468,62050000.0
NC,0.21989244281411824,427900000.0
NCI,0.34767641996557663,1080000000.0
NCIT,0.28235303302224857,190150000.0
NCMI,0.21825402963833773,758940000.0
NCR,0.14512393388429734,5830000000.0
NCS,0.334782695652174,1120000000.0
NDAQ,0.26103303509595843,11860000000.0
NDSN,0.1500393795478021,6880000000.0
NEM,0.25173914658357543,19640000000.0
NEOG,0.2058216599054843,2500000000.0
NEOM,99.0,508841000000000.0
NEPH,16.666666666666668,19370000.0
NEU,0.16379001705926677,5230000000.0
NEWS,0.7338709677419355,420710000.0
NEWT,0.8723397724874828,236600000.0
NEXS,,20580000.0
NFBK,0.12599348908180508,819270000.0
NFG,0.17610920850135892,5100000000.0
NFLX,0.42223509329163966,61210000000.0
NFX,0.1813046318081477,8250000000.0
NGS,0.24053464590950147,362230000.0
NHC,0.24285711651483455,1120000000.0
NHI,0.12840313231552214,2960000000.0
NI,0.10116070919901765,7330000000.0
NIHD,0.19827586206896552,216680000.0
NILE,0.3473684137766153,476180000.0
NJR,0.08982614981914949,3270000000.0
NKE,0.12610087274414972,93890000000.0
NKSH,0.196363630410207,280710000.0
NKTR,0.25705329153605017,2000000000.0
NL,0.4567901234567904,289790000.0
NLS,0.47058823529411753,541640000.0
NLST,1.1594202898550727,60950000.0
NLY,0.31578945017532867,11020000000.0
NMM,0.28045302686434304,158140000.0
NMRX,0.38541666666666674,107510000.0
NNBR,0.48351703281597547,544780000.0
NNI,0.32186732749754676,2150000000.0
NNN,0.16941528323311528,6580000000.0
NOC,0.10906437739405517,42530000000.0
NOG,0.39773584905660364,192900000.0
NOV,0.24423581722531051,14780000000.0
NP,0.26967741201831896,1270000000.0
NPK,0.13768841198441506,772970000.0
NPO,0.20266847155848522,1360000000.0
NR,0.24161073825503365,635110000.0
NRG,0.2933264265161626,5390000000.0
NRIM,0.13855420073194402,208630000.0
NRP,0.3295453891270579,502740000.0
NS,0.22337333379528457,4219999999.9999995
NSC,0.11027860074217322,35670000000.0
NSFC,0.4925373134328357,72510000.0
NSH,0.126799301221175,1290000000.0
NSIT,0.2987697715289981,1580000000.0
NSM,0.18829516539440205,1820000000.0
NSR,0.2097649547920435,1830000000.0
NSSC,0.30681818181818166,168270000.0
NTAP,0.18185448844968222,11010000000.0
NTCT,0.2978515625,3480000000.0
NTGR,0.27981641346127173,1850000000.0
NTIC,0.34545454545454546,69900000.0
NTII,1.1428571428571428,37826000000.0
NTN,1.2000000000000002,10200000.0
NTRI,0.3414201472083429,1070000000.0000001
NTRS,0.3091280990678231,19930000000.0
NTWK,0.4545454545454546,49860000.0
NUAN,0.18533725427197978,4940000000.0
NUE,0.2777236154353131,20440000000.0
NURO,0.8113208382778139,5270000.0
NUS,0.206077624201791,2590000000.0
NUTR,0.22291011435086117,322690000.0
NUVA,0.3472549226252972,3760000000.0
NVAX,0.795774647887324,409500000.0
NVDA,0.29806707930067033,59300000000.0
NVDL,1.5,768878700000000.0
NVEC,0.411468483709339,362530000.0
NVIC,0.6428571428571428,171241000000.0
NVLS,0.16176470588235303,41180000.0
NVR,0.14948931206809735,7020000000.0
NWBI,0.10114465602511524,1830000000.0
NWBO,4.666666666666667,48860000.0
NWE,0.08444694582248702,2780000000.0
NWFL,0.12206937776480675,160480000.0
NWL,0.20530561894825095,22580000000.0
NWLI,0.30405578640812436,1140000000.0
NWN,0.09953349845858783,1620000000.0
NWPX,0.22663062819356772,175510000.0
NWSA,0.08676650541112996,7610000000.0
NWY,0.3722627737226276,149130000.0
NX,0.32689161911280906,653600000.0
NXST,0.4375002089203994,2080000000.0
NXTM,0.42352941176470593,1900000000.0
NYMT,0.31666562996625225,714390000.0
NYNY,0.5810809197695166,719310000.0
NYT,0.24344555782172184,2490000000.0
O,0.21577857154111957,15720000000.0
OB,0.17283940323366132,1520000000.0
OBCI,2.170212482987618,37680000.0
OC,0.2133213034789907,6450000000.0
OCFC,0.21388366920277235,808450000.0
OCLR,1.3214285714285716,1840000000.0
OCN,0.5301490246455813,649700000.0
ODC,0.15686281083680154,260380000.0
ODFL,0.23780917424365433,7610000000.0
ODP,0.5593229647580571,2400000000.0
OESX,0.24279835390946491,51230000.0
OFC,0.174880069722555,3160000000.0
OFG,0.3873232998218039,590660000.0
OFIX,0.1749571183533447,665090000.0
OFLX,0.38834516606484026,461160000.0
OGE,0.14366073439886407,6910000000.0
OGXI,0.7555555555555555,17410000.0
OHI,0.1546231639138662,6220000000.0
OI,0.3212351203269297,3160000000.0
OII,0.2002800716003179,2670000000.0
OIS,0.3250004131946167,1860000000.0
OKE,0.30038849855110783,11290000000.0
OKS,0.18924410487354226,14880000000.0
OKSB,0.29741393014655215,521000000.0
OLN,0.2271730910795875,5100000000.0
OLP,0.34351160289660765,423390000.0
OMC,0.13446204630593828,20010000000.0
OMCL,0.17874736101337074,1410000000.0
OME,0.3580246913580247,576630000.0
OMER,0.7202749828178694,472920000.0
OMEX,0.8086955578134469,31690000.0
OMI,0.12893891695901583,2100000000.0
OMN,0.512820512820513,408910000.0
ONB,0.17160377857408005,2530000000.0
ONSM,0.9230769230769229,5010000.0
ONVI,0.35031847133757954,28170000.0
OPK,0.4999999999999998,4910000000.0
OPNT,69.6,16840000.0
OPOF,0.1827494175737483,141140000.0
OPTT,2.9477124183006533,16810000.0
OPXA,3.2765957446808507,7860000.0
ORA,0.3208800077081635,2810000000.0
ORBC,0.3317972350230416,580910000.0
ORBT,0.30000000000000004,17310000.0
ORCL,0.1306955165749244,172540000000.0
OREX,0.8424369714797684,63890000.0
ORI,0.37683821808958684,5360000000.0
ORIT,0.17576251146556232,742150000.0
ORLY,0.18385003604902694,24900000000.0
ORN,0.4328018223234624,274860000.0
ORXE,4.411764705882352,1130000.0
OSBC,0.571428161244073,320670000.0
OSG,0.10704225352112684,352380000.0
OSIR,1.3864915901829944,207400000.0
OSIS,0.18803418803418803,1480000000.0
OSK,0.2933069629404028,5090000000.0
OSTK,0.369982547993019,473020000.0
OSUR,0.33992094861660105,626760000.0
OTTR,0.14652404915090922,1480000000.0
OXM,0.33666532446947395,946830000.0
OXY,0.18108362806349532,50640000000.0
OZM,0.22087352934213467,545120000.0
OZRK,0.14004803981538472,6680000000.0
PAA,0.2292902969692343,20490000000.0
PABK,49.0,20554500000000.0
PACW,0.3157162760392833,6670000000.0
PAG,0.2160883646607017,4440000000.0
PANC,3.545454545454545,536000000000.0
PANL,0.40684410646387836,113480000.0
PAR,0.22222222222222232,110390000.0
PARD,1.625,8994000000.0
PATK,0.7222166666666665,1180000000.0
PAY,0.31704005431092996,2180000000.0
PAYX,0.10634791751597605,21220000000.0
PBCT,0.17881206227659918,5930000000.0
PBH,0.2155555555555555,2970000000.0
PBI,0.20283812557163228,2490000000.0
PBIB,0.35542168674698793,58780000.0
PBIO,1.1724137931034484,5560000.0
PBIP,0.15714307827664942,128440000.0
PCAR,0.18842527573412426,24150000000.0
PCBC,0.45853658536585384,76200000.0
PCBK,0.28134290442695487,582230000.0
PCG,0.12390572026351121,32460000000.0
PCH,0.19841572420537656,1800000000.0
PCLN,0.2615384615384617,80800000000.0
PCTI,0.23324368291296804,92100000.0
PCYO,0.4893617021276595,127080000.0
PDCO,0.13327452831908104,4200000000.0
PDEX,0.460317325941372,20500000.0
PDFS,0.2945508100147274,698820000.0
PDLI,0.23180040374958,375780000.0
PDMI,99.0,649756900000.0
PEB,0.07538554149532795,2080000000.0
PEBK,0.3131428296994869,147670000.0
PEBO,0.22962958584378668,591960000.0
PEG,0.17126852144086158,22000000000.0
PEGA,0.41071414555389696,3100000000.0
PEI,0.32352894006703736,1200000000.0
PEIX,0.654485049833887,336760000.0
PENN,0.29132083810683573,1170000000.0
PEP,0.08550405878523848,154350000000.0
PERF,0.5982905982905984,31760000.0
PERY,0.32328737984638733,343740000.0
PESI,0.28936170212765955,36470000.0
PETS,0.23529417494168126,429160000.0
PFBC,0.9090910294524508,796670000.0
PFBI,0.45250041692874343,208150000.0
PFBX,0.15289256198347112,81200000.0
PFE,0.10171733769134517,204020000000.0
PFG,0.4076246352890087,17860000000.0
PFIN,1.282353236926287,30390000.0
PFS,0.17514490268258953,1700000000.0
PFSW,1.1599999999999997,139360000.0
PG,0.10214397651754115,232870000000.0
PGC,0.5047567417262224,553180000.0
PGNX,0.3250311332503115,743940000.0
PGR,0.23973716054810867,22370000000.0
PGTI,0.27334235453315303,558570000.0
PH,0.13663508355877862,20510000000.0
PHH,0.16731517509727634,664300000.0
PHLI,1.5,152358000000.0
PHM,0.23033706692867617,6800000000.0
PHX,0.3010822426730484,341950000.0
PICO,0.13314929285960675,317200000.0
PII,0.20947573626256655,5490000000.0
PIP,0.7021276595744681,69400000.0
PIR,2.7500000000000004,557500000.0
PJC,0.27531527927927923,942410000.0
PKD,0.3359375,293350000.0
PKE,0.23461535680483347,385050000.0
PKG,0.20114938261133375,8900000000.0
PKI,0.19903908509875112,6160000000.0
PKOH,0.5442478768130021,549130000.0
PKY,,1080000000.0
PLAB,0.63855421686747,766980000.0
PLBC,0.37747035573122534,95470000.0
PLCE,0.19685038001346133,1810000000.0
PLD,0.2633962287305547,26570000000.0
PLPC,0.2620192819388929,271560000.0
PLT,0.25423733663299597,1760000000.0
PLUG,0.7681159420289854,200300000.0
PLUS,0.22103879179125885,862340000.0
PLXS,0.31132883304940373,1930000000.0
PM,0.1321087114556163,160820000000.0
PMBC,0.19999999999999996,177130000.0
PMC,0.27081427264409896,809540000.0
PMD,0.3138948258246943,110290000.0
PMT,0.07774973324424961,1130000000.0
PNBC,5.0,7091000000000.0
PNBK,0.5302326511627908,57410000.0
PNC,0.3709090596962399,61530000000.0
PNFP,0.1702339120222658,3210000000.0
PNK,0.12704761904761908,913330000.0
PNM,0.16916918463706243,2800000000.0
PNR,0.15052166350516116,10570000000.0
PNRA,0.1738137021060644,5280000000.0
PNRG,0.4119090600424149,135290000.0
PNW,0.0933115466750738,8760000000.0
PODD,0.3258426966292136,2600000000.0
POL,0.2068965006337633,2810000000.0
POOL,0.26962656388996065,4810000000.0
POPE,0.23318231200821482,304030000.0
POR,0.12038976909295429,3820000000.0
POSC,9.0,28550000000000.0
POWI,0.2655156777967951,1930000000.0
POWL,0.22770486985347382,389340000.0
PPBI,0.21052631578947367,1120000000.0
PPG,0.14834790935164066,26320000000.0
PPHM,0.8,141430000.0
PPL,0.14799997706390045,24220000000.0
PQ,0.6237623762376237,93860000.0
PRA,0.15887028818761095,3010000000.0
PRAA,0.18280004889688217,1950000000.0
PRCP,0.24999991163816127,79820000.0
PRFT,0.4161585365853657,659450000.0
PRGO,0.18389892857511625,12110000000.0
PRGS,0.11652953893113915,1430000000.0
PRGX,0.6774193548387097,128639999.99999999
PRK,0.2524791633401,1650000000.0
PRKR,0.73251024691358,28820000.0
PRO,0.3226837060702874,709860000.0
PROV,0.25401081112998347,150130000.0
PRSC,0.9259259259259258,579210000.0
PRTS,0.3112582781456954,112280000.0
PRU,0.38250758866811796,47860000000.0
PRXL,0.30163043478260865,3370000000.0
PRXM,2.3333333333333335,129273500000000.0
PSA,0.20283692264434694,39160000000.0
PSB,0.17875263849723733,3150000000.0
PSBC,4.0,22704000000000.0
PSID,,133181100000000.0
PSMT,0.2709011618968882,2690000000.0
PTC,0.188687946221604,6280000000.0
PTEN,0.2799999466689038,4019999999.9999995
PTIE,0.3580786026200873,27460000.0
PTIX,16.51751751751752,41540000.0
PTN,0.875,53370000.0
PTSI,0.47999991778324436,123290000.0
PTSX,1.9268292682926829,3950000.0
PURE,0.5621622297297297,55420000.0
PVG,0.8156996587030716,2029999999.9999998
PVH,0.20207647311377697,7160000000.0
PVSP,99.0,377800000000000.0
PVTB,0.23267463399206245,4550000000.0
PW,0.31789473684210523,12360000.0
PWOD,0.20648051353675512,232440000.0
PWR,0.2349171916711157,5630000000.0
PX,0.1486216238673621,33549999999.999996
PXD,0.18973508980583342,32640000000.0
PXLW,0.875,117030000.0
PYDS,1.0,20930000.0
PZN,0.397058617255551,162450000.0
PZZA,0.19929091547226152,3170000000.0
Q,0.05582528430067324,18090000000.0
QBAK,0.5701752949628467,8029999.999999999
QCCO,0.5587528239391535,14730000.0
QCOM,0.1697902882603899,83390000000.0
QCRH,0.2839999636448798,588460000.0
QDEL,0.2418162618796198,681910000.0
QEPC,0.6284829721362228,72730000.0
QSII,0.18411755223893778,972770000.0
QTM,0.925,249620000.0
QUIK,0.47058823529411775,113210000.0
R,0.13294585801791237,4130000000.0
RAD,0.42598684210526305,6210000000.0
RAI,0.14013145187831078,86600000000.0
RAIL,0.2336608348402025,181050000.0
RAS,0.5822785618784441,347510000.0
RAVN,0.13683529176050713,1050000000.0
RBC,0.14936643611718492,3340000000.0
RBCN,0.5175438596491229,14760000.0
RCII,0.18426770232853462,435820000.0
RCKY,0.30709221735322956,82060000.0
RCL,0.2471427865024436,20430000000.0
RCMT,0.40857176315555566,72500000.0
RDC,0.2513529882834955,2190000000.0
RDI,0.15076923076923077,377080000.0
RDN,0.8310625311286259,4080000000.0
RDNT,0.3999999999999999,288100000.0
RE,0.21909460048941942,9620000000.0
RECN,0.23060793269721813,502320000.0
REED,0.6733668341708543,55630000.0
REFR,0.5,43280000.0
REG,0.22086564574338663,7320000000.0
REGN,0.2859609567694854,39150000000.0
REIS,0.6103601744117275,238450000.0
RELL,0.23999997088253577,79760000.0
RELV,0.5479452418051525,10420000.0
RES,0.23064169038795712,4470000000.0
REV,0.4330434034589694,1840000000.0
REXX,0.5390070921985817,65920000.0
RF,0.48409878940540874,18690000000.0
RFIL,0.5858707878085401,13250000.0
RGA,0.1364820596596743,8300000000.000001
RGC,0.16241628319787704,3340000000.0
RGCO,0.1497007111408153,122660000.0
RGEN,0.41630901287553645,1050000000.0
RGLD,0.17054261068414944,4570000000.0
RGR,0.18989076563065055,942860000.0
RGS,0.1830688925458026,582780000.0
RHI,0.16968866555205064,6210000000.0
RHT,0.2986069654754695,14730000000.0
RICK,0.3263156811908927,168120000.0
RIGL,2.243750125,236460000.0
RJF,0.24633429207922486,11210000000.0
RL,0.1565761770054186,6440000000.0
RLH,0.3756345177664975,168490000.0
RLI,0.13104842941568662,2610000000.0
RMBS,0.40000000000000013,1400000000.0
RMCF,0.42477861203639744,66910000.0
RMD,0.1402150807851501,10240000000.0
RMTI,0.5467980295566504,309160000.0
RNN,1.116279069767442,59320000.0
RNR,0.15044244750285185,5910000000.0
RNST,0.1958886093685317,1820000000.0
RNWK,0.3455782312925171,186320000.0
ROCK,0.2778279760038658,1280000000.0
ROG,0.203335180204411,1420000000.0
ROK,0.16491641570427618,19540000000.0
ROL,0.19230796533479433,8039999999.999999
ROLL,0.2116062967039709,2220000000.0
ROP,0.25532986352925735,21020000000.0
ROST,0.13228464454518085,27020000000.0
ROX,0.607142857142857,123930000.0
ROYL,0.7,13690000.0
RPFG,,6000000.0
RPM,0.13950183574849984,7090000000.0
RPRX,1.7439024390243905,31020000.0
RPT,0.32372504489085396,1280000000.0
RRC,0.19918088952301516,7620000000.0
RRD,0.5146310376653629,1230000000.0
RRGB,0.23001409537166895,614560000.0
RRR,0.05203099948145318,2710000000.0
RS,0.2392280127933606,6290000000.0
RSG,0.16658449512874718,20620000000.0
RSO,0.4252340093953464,263240000.0
RST,0.2687427912341407,171660000.0
RSYS,0.3307984790874525,147710000.0
RT,0.5681233933161953,114880000.0
RTEC,0.21775544388609713,672970000.0
RTIX,0.27979274611398974,205000000.0
RTK,1.1290321405979489,63780000.0
RTN,0.12172114018027735,44770000000.0
RVP,1.1619047619047618,32030000.0
RVSB,0.40929206747281643,168680000.0
RWC,0.6049382180624181,75580000.0
RWT,0.3164310487963464,1290000000.0
RXII,8.062500065104235,4620000.0
RYN,0.16928763732329766,3480000000.0
S,0.28654970760233933,37080000000.0
SAFM,0.18891484830193717,2160000000.0
SAFT,0.13366724621461046,1110000000.0
SAH,0.7107447246273972,1070000000.0000001
SAIA,0.19734100993111992,1220000000.0
SALM,0.659571369234172,178180000.0
SAM,0.2594246506723079,2109999999.9999998
SANM,0.41176476355132086,3010000000.0
SASR,0.2709114888253781,1030000000.0
SATS,0.18973074514715083,5190000000.0
SBAC,0.2560721721027066,13460000000.0
SBCF,0.29795919770694823,891190000.0
SBGI,0.3255808120435373,3310000000.0
SBH,0.2834645669291338,3250000000.0
SBNY,0.16221855713094246,8550000000.000001
SBSI,0.14798696138279865,1020000000.0
SBUX,0.18379840107987633,83580000000.0
SCG,0.11588403341126918,9380000000.0
SCHL,0.21084799243267693,1610000000.0
SCHN,0.2086719579091154,729440000.0
SCHS,19.0,3220000.0
SCHW,0.1965025356041672,55080000000.0
SCI,0.18591848737792938,5900000000.0
SCIL,0.9750000000000001,12480000.0
SCKT,0.9736842105263159,23930000.0
SCL,0.1944154939178646,1750000000.0
SCLN,0.3849557522123894,497770000.0
SCMP,0.330396475770925,505250000.0
SCON,1.578125,4730000.0
SCOR,0.2615848239110288,946800000.0
SCS,0.13799647374869184,1890000000.0
SCSC,0.2016154377507129,1080000000.0
SCSS,0.45599999999999996,996420000.0
SCVL,0.21169807576290256,466450000.0
SCX,0.2999999867428633,78000000.0
SD,0.08744902582691427,407390000.0
SE,0.1825300132914518,29530000000.0
SEAC,0.36101083032490977,87670000.0
SEB,0.40103092781351,4530000000.0
SEE,0.1620575714963357,9240000000.0
SEIC,0.17921158436883644,8029999999.999999
SEM,0.1805869667381761,1680000000.0
SEP,0.16338980252843793,13930000000.0
SF,0.14327959683381408,3670000000.0
SFE,0.40983608796873705,259050000.0
SFL,0.25528439508561873,1360000000.0
SFLY,0.2534562211981568,1620000000.0
SFNC,0.22910104816798782,1880000000.0
SGA,0.3603176230652332,289250000.0
SGC,0.20776704953607084,247290000.0
SGEN,0.24007561436672953,9290000000.0
SGMA,0.54,18250000.0
SGMO,0.41025641025641035,282490000.0
SGMS,0.3470681458003171,1800000000.0
SGU,0.5681813580340647,530929999.99999994
SGY,0.527027027027027,36250000.0
SHBI,0.3027950116467557,219340000.0
SHEN,0.35195528650053,1420000000.0
SHLD,0.31037660302274883,807030000.0
SHLM,0.1899114846068557,991000000.0
SHLO,0.8472904196647608,261690000.0
SHO,0.33980594014783594,3280000000.0
SHOO,0.29137209051047286,2200000000.0
SHOR,0.2978723404255319,467140000.0
SHW,0.15256982562243704,28670000000.0
SIF,0.8228630743485723,50060000.0
SIG,0.19661461462008112,5140000000.0
SIGA,1.3045685279187818,166650000.0
SIGI,0.17617615810764686,2520000000.0
SIGM,0.2077464788732395,245840000.0
SIRI,0.5999877240363369,23290000000.0
SIVB,0.15061728395061724,9650000000.0
SJI,0.09727622860963736,2620000000.0
SJM,0.1516339936206923,15830000000.0
SJW,0.14423288944169377,995180000.0
SKT,0.16048485856831474,3210000000.0
SKX,0.23548033416258352,4059999999.9999995
SKY,0.3157894736842104,98170000.0
SKYW,0.22122569898185862,1850000000.0
SLAB,0.21139430284857563,3020000000.0
SLB,0.14914423182186787,112220000000.0
SLG,0.4084507468221654,11190000000.0
SLGN,0.18924780332674862,3500000000.0
SLM,0.3497664187950438,5250000000.0
SLP,0.38202232227547395,174020000.0
SM,0.3176353093204516,2340000000.0
SMCI,0.26719330855018586,1310000000.0
SMG,0.2915811116356015,5620000000.0
SMID,0.4444441453349235,30250000.0
SMMF,0.3295457393546024,263029999.99999997
SMP,0.3548390162453159,1110000000.0
SMRT,0.48190062607747297,170710000.0
SMSI,0.38888888888888884,16270000.0
SMTC,0.19221549747212596,2290000000.0
SNA,0.15187537397224005,10000000000.0
SNAK,0.33846153846153837,121760000.0
SNBC,0.3711911936411827,500490000.0
SNCR,0.23699421965317935,1450000000.0
SNGX,0.7741935447450572,8510000.0
SNHY,0.23001817178310824,1020000000.0
SNI,0.22185897536524424,9820000000.0
SNMX,0.3646209386281587,52200000.0
SNPS,0.11650868878357024,10610000000.0
SNSS,1.316666680555544,88730000.0
SNV,0.28220862528716406,5180000000.0
SNX,0.24474651076270026,4720000000.0
SO,0.11066343687237046,46840000000.0
SOFO,0.33049645390070936,21070000.0
SON,0.1037905471023286,5350000000.0
SONA,0.35692291185706293,205280000.0
SONC,0.1328285841252277,1170000000.0
SONS,0.3333333993399339,295230000.0
SPA,0.33333333333333326,234830000.0
SPAN,0.2765958127143173,57440000.0
SPAR,0.36956561869595883,256300000.0
SPDE,2.839506172839506,12486000000.0
SPEX,1.952755905402495,6120000.0
SPG,0.253517598610528,56910000000.0
SPH,0.28975276260008864,1670000000.0
SPIR,1.5,128898000000000.0
SPLS,0.1555835031518058,6060000000.0
SPN,0.21539385445662607,2490000000.0
SPNC,0.2250000000000001,1150000000.0
SPPI,0.494737134090526,468680000.0
SPR,0.15671642441891254,7070000000.0
SPRT,0.27478753541076495,39980000.0
SPTN,0.2483872484897245,1450000000.0
SR,0.139918647164454,2920000000.0
SRCE,0.3743750043036287,1210000000.0
SRCL,0.13824375444025105,7270000000.0
SRDX,0.22113022113022107,329000000.0
SRE,0.15004053515642868,26500000000.0
SRI,0.6438356164383561,484170000.0
SRT,0.46703296703296693,133840000.0
SSD,0.21403745710467348,2100000000.0
SSI,0.24931502620833212,71720000.0
SSP,0.4457751164337991,1740000000.0
SSY,0.7251908396946563,15960000.0
SSYS,0.43746658279477124,1120000000.0
STAA,0.6308724832214767,406090000.0
STBA,0.1896893518616778,1300000000.0
STC,0.3539967603265035,1050000000.0
STE,0.1322852791041389,5820000000.0
STFC,0.26530613364920463,1090000000.0
STI,0.30563253074398977,29290000000.0
STKR,1.8620689655172415,7040000.0
STL,0.15071091930737324,3390000000.0
STLD,0.22822098291981852,9060000000.0
STLY,0.24489763414589483,12680000.0
STMP,0.38102126687202165,2240000000.0
STON,0.23775496672560115,379490000.0
STRA,0.37883657932875137,839190000.0
STRI,0.357142857142857,3750000.0
STRL,0.30333333333333345,238770000.0
STRM,0.7063197026022305,26910000.0
STRS,0.42825720570328696,245770000.0
STRT,0.3374150522824886,106290000.0
STS,0.42222898363315964,308970000.0
STT,0.31345560633152925,30810000000.0
STWD,0.13281242403191906,5450000000.0
STX,0.2786069129727591,13910000000.0
STXS,2.2865112155114558,14010000.0
STZ,0.37233378928184435,31630000000.0
SUI,0.15604402167266462,5910000000.0
SUN,0.21969085626810392,3140000000.0
SUP,0.19320834433423495,585240000.0
SVBI,0.46575342465753433,87150000.0
SVNT,0.6698292220113851,1090000000.0
SVT,0.31703462665403626,23260000.0
SVU,0.44748858447488593,1050000000.0
SWC,0.4972375690607733,2069999999.9999998
SWK,0.12564597235091335,19320000000.0
SWKS,0.35375475859413896,17820000000.0
SWM,0.191739440601842,1260000000.0
SWN,0.3666507624531845,4240000000.0
SWX,0.13262709716441856,3950000000.0
SXE,0.9117647058823528,184910000.0
SXI,0.3098783059588277,1220000000.0
SXL,0.27447455018095046,8520000000.0
SXT,0.16104873612979942,3520000000.0
SYBT,0.19082569915787007,1020000000.0
SYK,0.14495304737130876,47110000000.0
SYKE,0.231984829329962,1200000000.0
SYMC,0.13505316087936303,17820000000.0
SYMX,1.0285714285714285,80060000.0
SYNA,0.28953702448302865,2080000000.0
SYNL,0.1742101710989996,98770000.0
SYNT,0.21566909801678125,1570000000.0
SYPR,0.7297297297297296,17250000.0
SYX,0.3611585940820947,294940000.0
SYY,0.13673388670138942,28280000000.0
T,0.16280102685674547,254650000000.0
TA,1.0941176470588236,285560000.0
TACT,0.453781723491415,52420000.0
TAL,0.22107235112515977,6810000000.0
TAP,0.14234587478476302,21840000000.0
TASR,0.36802973977695186,1390000000.0
TAST,0.351350521049584,587000000.0
TAYD,1.721774193548387,49610000.0
TBBK,0.3678571428571429,292640000.0
TBI,0.4039955604883463,1080000000.0
TBIO,0.6969694750447113,16860000.0
TCB,0.26532663145584245,2950000000.0
TCBI,0.1777986829727185,4350000000.0
TCBK,0.46033863008253806,849390000.0
TCI,0.5567567567567566,179280000.0
TCO,0.037349407125847556,4080000000.0
TDC,0.12705238467552782,4040000000.0
TDG,0.14953272236499715,13200000000.0
TDS,39.7521510429595,3510000000.0
TDW,0.2757731958762888,64950000.0
TDY,0.19339325973684884,4810000000.0
TEAM,0.32285719047619055,6650000000.0
TECD,0.2229594446472134,3070000000.0
TECH,0.1093808113834085,3930000000.0
TEN,0.4714285714285713,3570000000.0
TER,0.1889131672338693,5860000000.0
TESO,0.45437242424029045,389790000.0
TESS,0.2700595722455741,115770000.0
TEX,0.36575617370239244,3390000000.0
TFSL,0.09842920740757677,4830000000.0
TFX,0.18904768105510872,7930000000.0
TG,0.1884312385656588,736760000.0
TGC,1.6363636363636362,3720000.0
TGEN,1.3233908948194664,78200000.0
TGH,0.26193910327706926,982420000.0
TGI,0.2142021823408733,1330000000.0
TGLO,2.5999999999999996,485632400000000.0
TGP,0.2729025749832721,1480000000.0
TGT,0.17803610344081466,36950000000.0
THC,0.5501165501165501,1930000000.0
THFF,0.253835032095701,572090000.0
THG,0.17841080714638036,3840000000.0
THLD,1.3178294573643412,47170000.0
THO,0.22488755733549937,5820000000.0
THS,0.14233428222854827,4730000000.0
TIER,6.320000860002365,863610000.0
TIF,0.16578839780505383,10730000000.0
TIGR,3.0,85449000000000.0
TIS,0.20847656808393356,303110000.0
TISI,0.16690916220722163,1020000000.0
TITN,0.32605304212168473,291750000.0
TIVO,0.2949886842248681,2360000000.0
TIXC,2.4999815386887545,26020000.0
TJX,0.10742963922652993,50320000000.0
TK,0.2104539421524465,871010000.0
TKOI,0.47058823529411753,19200000.0
TKR,0.21548081762219118,3450000000.0
TLF,0.19367605018661171,72740000.0
TLP,0.3718098179574092,700830000.0
TMCV,,1004000000.0
TMK,0.17195704625813768,9150000000.0
TMO,0.16898320369121023,62600000000.0
TMP,0.27404299646165464,1350000000.0
TNC,0.2050971879457204,1260000000.0
TNDM,0.1825293350717081,75070000.0
TNH,0.30582517060678605,1930000000.0
TOL,0.1642197479184202,5110000000.0
TOO,0.47720362370486136,786820000.0
TORM,0.9615384615384612,24610000.0
TOWN,0.3605305826814169,2040000000.0
TPC,0.2660752724781439,1470000000.0
TPX,0.3626609442060085,2630000000.0
TR,0.11410844092976014,2370000000.0
TRAC,1.0405559474273205,4099999.9999999995
TRC,0.15309977228517546,503930000.0
TREE,0.4226392838411448,1330000000.0
TREX,0.25913043478260867,2049999999.9999998
TRK,0.3081433347687217,893860000.0
TRMB,0.251153039832285,7820000000.0
TRMK,0.271186465951923,2320000000.0
TRN,0.23712331782089424,4290000000.0
TROW,0.18167207821511533,17310000000.0
TRR,0.28125,355390000.0
TRS,0.2884009295653964,1020000000.0
TRST,0.15462873508576291,814120000.0
TRT,0.5024470213037546,13980000.0
TRV,0.2555555822591893,34110000000.0
TSBK,0.3418527689071398,151230000.0
TSCO,0.22182758287223647,9470000000.0
TSN,0.17045452283016838,23960000000.0
TSO,0.2942584065338427,10120000000.0
TSRA,0.3298969645753178,2140000000.0000002
TSRI,0.43478256875086685,10890000.0
TSS,0.1316477571316328,10000000000.0
TTC,0.11575562292218122,6540000000.0
TTEC,0.23925923184647124,1390000000.0
TTEK,0.19025088635425558,2430000000.0
TTGT,0.45500000000000007,257350000.00000003
TTI,0.3236994752315776,426350000.0
TTMI,0.29084967320261446,1680000000.0
TTWO,0.548963014941763,5400000000.0
TUES,0.5935483870967744,175870000.0
TUP,0.2291426331875246,2960000000.0
TWER,10.742424393939395,1490000.0
TWI,0.36476044538122054,733000000.0
TWIN,0.29977374079951935,224620000.0
TWMC,0.41237117495324793,101120000.0
TWX,0.17068009711577314,74480000000.0
TXN,0.11926780934012826,76130000000.0
TXRH,0.16719903639098588,3400000000.0
TXT,0.4884742309429193,13210000000.0
TYL,0.1622554660529345,5650000000.0
TYPE,0.22222209522416203,846930000.0
TZOO,0.43143143143143137,128440000.0
UA,0.08906388107141194,8660000000.0
UAHC,1.5,6880000.0
UAM,0.39972656731378575,582650000.0
UBA,0.18162226966156525,833580000.0
UBCP,0.2991655710887997,62310000.0
UBFO,0.47999531445231125,132800000.00000001
UBNK,0.33594560052184663,921790000.0
UBP,0.5836837404458772,645830000.0
UBSH,0.2539266897764145,1620000000.0
UBSI,0.2456453853935523,3650000000.0
UCBI,0.2941175438823729,2060000000.0
UCFC,0.5851063595501165,414570000.0
UCTT,0.3839285714285714,399320000.0
UDR,0.17464800488381993,9510000000.0
UEC,0.4999999999999998,199890000.0
UEIC,0.3121469397363468,1060000000.0
UFCS,0.1928205417033999,1050000000.0
UFI,0.3283579936118768,510150000.0
UFPI,0.21022017232706935,2130000000.0
UFPT,0.8910614525139664,175990000.0
UFS,0.259278666222583,2490000000.0
UG,0.3904761098544678,68910000.0
UGI,0.14902161820709692,8210000000.000001
UHAL,0.16704734785749187,7470000000.0
UHS,0.1303288979524806,11920000000.0
UHT,0.1794525610262021,863610000.0
UIS,0.6901408450704227,676130000.0
ULBI,0.3346939455782314,84500000.0
ULGX,,3192000000.0
ULTA,0.20096083239757156,17120000000.000002
ULTI,0.1812826570680628,5770000000.0
UMBF,0.17796610519397071,3920000000.0
UMH,0.10857766519912904,409970000.0
UMPQ,0.2575249950473677,4160000000.0
UNAM,0.21877767936226755,53070000.0
UNB,0.21118015514103683,185810000.0
UNDT,43.42857142857143,198340000.0
UNF,0.1981982350283258,2660000000.0
UNFI,0.20155038759689914,2240000000.0
UNH,0.3475503314720343,149920000000.0
UNM,0.22151907577202912,11150000000.0
UNP,0.09051727403959675,89370000000.0
UNT,0.3309481216457961,1340000000.0
UNTY,0.42348773073235346,178110000.0
UPS,0.09355417303462787,92790000000.0
UQM,1.0634920634920637,24750000.0
URBN,0.18222502614370106,3190000000.0
URI,0.3054830287206267,10630000000.0
URRE,0.8108108382030801,46210000.0
USAK,0.36222910216718285,75630000.0
USAP,0.29277857142857133,115910000.0
USAT,0.4044943820224718,167360000.0
USB,0.22841222390817162,93130000000.0
USEG,0.6548223021722419,4620000.0
USG,0.2618296339262305,4790000000.0
USLM,0.18823531790650105,424890000.0
USM,0.30769234532212675,3750000000.0
USNA,0.3910598819229687,1460000000.0
USPH,0.19506957757578713,927810000.0
UTEK,0.15976331360946738,775080000.0
UTHR,0.3750730165086784,7130000000.0
UTI,0.24096385542168686,83730000.0
UTL,0.09175428082365444,620590000.0
UTMD,0.12528996766627243,235400000.0
UTSI,0.3870965175139367,63560000.0
UTX,0.13646861183610648,90380000000.0
UUU,0.25454545454545463,7050000.0
UVE,2.3333115627775745,912820000.0
UVSP,0.23507458469461895,768420000.0
UVV,0.13239618427520794,1710000000.0
UWN,0.5853658536585367,37600000.0
V,0.14997344366791743,203270000000.0
VAL,0.2313014307114183,8820000000.0
VALU,0.2813479648581376,173510000.0
VAR,0.18418017275346932,7810000000.0
VASC,0.4795763993948561,981850000.0
VCST,2.75,162203500000.0
VDSI,0.3110814419225634,532890000.0
VECO,0.3708248807089298,1080000000.0
VFC,0.14566076753765023,21770000000.0
VG,1.6500000000000004,1350000000.0
VGR,0.08848663309791127,2890000000.0
VGZ,0.4390243902439026,111480000.0
VHC,1.3333337345206875,136050000.0
VHI,0.44646375826273177,1150000000.0
VIAP,2.6249999999999996,10279000000000.0
VICL,0.3072727580495862,24970000.0
VICR,0.2710280789164381,586710000.0
VIDE,0.38372093023255816,6480000.0
VII,1.1428571428571428,4320000.0
VIRC,0.7741935483870968,63750000.0
VIVO,0.14842125682735352,538080000.0
VLO,0.17978127139997047,29640000000.0
VLY,0.24248713178608128,3270000000.0
VMC,0.18417769530005246,15820000000.0
VMI,0.20062178706658607,3230000000.0
VMW,0.1673856341673856,37250000000.0
VNDA,6.259259259259259,659520000.0
VNO,0.2218096987751994,20760000000.0
VOXX,0.4901960784313726,105100000.0
VR,0.2149596527181714,4620000000.0
VRS,0.15241635687732358,284410000.0
VRSK,0.09535035763232735,14220000000.0
VRSN,0.19590902657648912,8480000000.0
VRTB,0.5178571428571428,6250000.0
VRTS,0.34960267513558696,652980000.0
VRTU,0.20459770114942533,853770000.0
VRTX,0.6190656254788278,21930000000.0
VRX,0.33744400224215254,5580000000.0
VSAT,0.24031199092541566,3870000000.0
VSEC,0.420540578762052,440770000.0
VSH,0.28318579405327715,2360000000.0
VSI,0.15703563146408306,510800000.0
VSR,0.676923076923077,9890000.0
VTR,0.19270543485721414,22040000000.0
VVC,0.12839205434405154,4530000000.0
VVI,0.27649431953002823,959510000.0
VVUS,0.7753554502369668,114280000.0
VZ,0.1463237701771145,200550000000.0
WAB,0.1495296327657636,7820000000.0
WABC,0.15235219469944972,1500000000.0
WAC,1.750000235730376,134390000.0
WAL,0.6349206349206349,5440000000.0
WASH,0.17611150704127,954650000.0
WAT,0.1625994917082363,12400000000.0
WBC,0.1518708730741012,6300000000.0
WBMD,0.25823451910408446,1880000000.0
WBS,0.36386785027490354,5130000000.0
WCC,0.1685214626391096,3540000000.0
WCG,0.24016421484775918,6090000000.0
WCN,0.10583085909524281,14620000000.0
WDC,0.20942403698077428,21580000000.0
WDFC,0.1552210908470255,1560000000.0
WDR,0.2415093470952847,1540000000.0
WEC,0.08964608994347434,18160000000.0
WEN,0.17998386838511804,3480000000.0
WERN,0.12379419499839517,2009999999.9999998
WES,0.12570877659100455,9290000000.0
WEST,,106996000000000.0
WEX,0.21319796954314718,4760000000.0
WEYS,0.18109953480009877,294240000.0
WFC,0.32764498071179315,291390000000.0
WGL,0.1087499533529066,4240000000.0
WGNR,3.0,17091000000000.0
WGO,0.23674161343685207,1080000000.0
WHG,0.201385127084716,476960000.0
WHLM,0.7,40570000.0
WHR,0.19185154868786247,13190000000.0
WIN,0.16486136295917952,677600000.0
WINA,0.16117400300278684,462900000.0
WIRE,0.23031601452669426,991830000.0
WLB,0.2803234501347709,324790000.0
WLDN,1.1676300578034682,232100000.0
WLFC,0.28855721393034806,168970000.0
WLK,0.17853244078269848,7950000000.0
WLL,0.30277185501066084,3120000000.0
WM,0.17973601774151615,31860000000.0
WMAR,0.20827389443651945,228500000.0
WMB,0.34386494053777295,21180000000.0
WMGI,0.2252988672120828,2780000000.0
WMK,0.14954838804363813,1650000000.0
WMS,0.08372773311588855,1230000000.0
WMT,0.11073082655436584,213190000000.0
WNC,0.7407408095889594,1260000000.0
WNR,0.231147505121015,4019999999.9999995
WOOF,0.1385542716319823,7430000000.0
WOR,0.20533136945481512,3170000000.0
WPC,0.2062565950887718,6730000000.0
WPCS,0.9610389610389609,4530000.0
WPZ,0.22700419157886786,23850000000.0
WR,0.10139490809138452,7520000000.0
WRB,0.1623978131504138,8550000000.000001
WRE,0.1880198330469971,2450000000.0
WRI,0.2554455540136027,4580000000.0
WRLD,0.2472885573660979,465350000.0
WSBC,0.17309083807105763,1800000000.0
WSBF,0.36813131468796767,519210000.00000006
WSCI,0.4767441545598603,8580000.0
WSFS,0.20322461700720762,1450000000.0
WSM,0.39669439808546136,4219999999.9999995
WSO,0.21013366207244366,4980000000.0
WST,0.1510169608470706,6080000000.0
WSTG,0.22718817710117212,78780000.0
WSTL,0.6212121212121213,47920000.0
WTBA,0.30947134607453197,372760000.0
WTFC,0.23748096077608105,3910000000.0
WTI,0.2863326263027355,380640000.0
WTM,0.2184179460662663,4160000000.0
WTR,0.13125844577159618,5360000000.0
WTS,0.20560443759832414,2130000000.0
WTT,0.3529411764705881,32200000.000000004
WTW,1.0500736377025035,804830000.0
WU,0.2102526505347706,9540000000.0
WVVI,0.7074468085106385,39510000.0
WWE,0.192748067189765,1690000000.0
WWW,0.15340087135651426,2340000000.0
WY,0.1403859634630653,25090000000.0
WYN,0.35388123516449244,9140000000.0
WYNN,0.2989247768961112,9740000000.0
WYY,0.574074074074074,61220000.0
X,0.24443677577307987,6880000000.0
XCO,0.6428571428571428,180010000.0
XEC,0.22473971943115778,12560000000.0
XEL,0.07710702028018468,21330000000.0
XL,0.613793028273117,11000000000.0
XLNX,0.12486948252577301,14950000000.0
XOM,0.1719051026165732,339140000000.0
XOMA,0.7016806848033326,31810000.0
XPL,0.32820512820512815,31380000.0
XPO,0.3799999999999999,5450000000.0
XRAY,0.10724466165368929,14460000000.0
XRM,0.4603173444192583,85460000.0
XRX,0.17904766905580782,7550000000.0
XXIA,0.2759358288770053,1600000000.0
Y,0.18309860312319026,9820000000.0
YHOO,0.479666266944734,43230000000.0
YORW,0.11988517394992759,447510000.0
YRCW,0.9090909093169457,427660000.0
YUM,0.1147104239867105,24280000000.0
ZBRA,0.14310889520236514,4540000000.0
ZEUS,0.2521396469088937,276160000.0
ZION,0.2755681041228193,9070000000.0
ZIOP,0.6330275229357798,895200000.0
ZIXI,0.319672131147541,269880000.0
ZN,0.8119891008174389,53430000.0
ZOOM,,3008000000.0
ZUMZ,0.2404791938177493,504160000.0
