Month,DRL,CHP,NST,ARM,GTA,SFI,PVR,ESC,SNTS,FRE,DMC,TBL,SHS,ENP,ATX,VITA,TNB,BHS,HBE,FOOD,JAS,BAYN,ANV,TIE,AGL,EAR,PHC,BKR,GET,UPI,IN,AMAR,BMC,MMG,FBN,MXB,CGX,SMA,MBR,LSE,SII,OHB,PRM,PLA,ABK,CLP,CPO,ALC,TSH,CXPO,CFL,IMM,ASI,FSCI,MMR,ART,PXP,GDI,AEN,CEC,GRB,NFP,TVL,PSE,CRE,LAB,PSYS,CTBK,IIG,GAP,CAFI,AAI,SBX,SEH,LPS,CPD
2004-01,31,24,38,68,13,89,74,33,26,63,43,20,87,39,100,30,29,23,70,85,93,7,14,56,56,65,77,59,37,31,70,15,73,25,24,82,1,16,99,76,17,28,82,84,32,50,27,67,42,0,25,69,27,63,42,100,73,47,65,82,59,12,33,37,64,100,22,0,77,78,48,21,64,68,50,93
2004-02,27,31,43,70,12,80,67,34,13,63,49,25,79,48,97,30,27,22,63,87,66,5,11,58,59,65,89,46,37,27,71,17,73,27,23,72,1,18,92,77,20,26,93,90,33,45,29,68,47,0,26,51,27,47,51,98,61,48,66,90,84,13,34,35,67,100,66,0,55,73,45,24,78,54,43,82
2004-03,29,28,45,69,12,100,62,35,29,63,46,21,87,45,88,29,22,23,49,88,54,11,14,58,55,66,60,34,36,26,72,17,77,31,36,100,1,17,100,78,27,26,93,88,41,51,33,60,45,74,27,55,27,77,43,99,56,50,53,95,81,11,23,40,71,95,67,0,76,79,69,25,97,77,52,82
2004-04,32,24,45,73,11,93,56,34,45,63,48,24,74,43,87,30,21,24,74,85,46,5,10,62,65,64,81,48,36,25,74,18,80,24,36,69,2,19,89,62,45,29,88,86,34,53,36,68,44,59,29,46,29,76,36,97,56,46,42,89,91,14,27,32,65,98,53,0,81,80,60,24,83,53,46,81
2004-05,31,22,46,68,12,67,58,38,16,59,47,18,86,31,79,31,18,25,85,86,44,10,12,67,66,61,77,44,36,29,71,18,74,25,27,79,0,16,94,65,26,34,100,83,41,51,36,72,43,100,26,49,28,51,35,91,65,45,78,78,83,11,31,33,66,89,36,0,51,78,55,22,49,50,41,81
2004-06,34,24,46,70,13,81,63,45,22,63,49,18,75,41,77,29,19,25,61,75,41,4,11,65,68,61,78,53,37,25,68,20,78,28,18,28,1,19,91,63,27,21,95,77,35,58,28,78,47,49,49,51,28,26,33,83,73,47,39,89,62,13,35,36,69,86,36,34,90,74,57,24,84,65,45,83
2004-07,32,27,57,73,14,79,64,38,11,65,49,20,84,35,80,29,20,24,67,71,45,7,5,58,75,65,99,56,37,35,68,20,94,27,29,54,2,18,94,63,23,24,77,72,39,53,41,79,47,49,55,48,29,36,35,79,45,46,61,89,51,14,39,37,68,87,48,30,57,75,69,19,68,74,45,91
2004-08,30,24,49,73,15,85,69,34,21,63,54,22,80,55,86,28,21,24,83,72,46,10,15,59,66,63,69,57,38,22,68,20,85,28,23,73,1,18,94,63,24,33,82,69,36,58,41,75,47,49,55,51,28,100,37,82,32,43,50,78,100,12,42,40,61,88,61,30,50,80,67,20,42,61,42,85
2004-09,36,24,56,69,15,90,69,36,19,61,52,22,99,39,84,32,28,27,96,77,43,15,19,63,68,60,80,44,37,27,69,19,77,29,28,56,1,18,96,68,23,27,82,71,35,58,41,75,46,0,53,56,28,61,36,89,47,100,75,85,86,12,41,43,71,97,40,30,70,85,62,21,97,71,43,80
2004-10,33,24,60,68,26,86,77,33,20,64,51,19,92,34,85,33,21,29,86,83,41,14,10,70,64,64,64,57,37,25,70,18,74,28,22,65,1,17,95,77,23,18,81,77,32,58,33,78,47,0,62,50,29,47,37,92,34,77,65,86,74,11,36,43,66,95,25,31,58,87,61,18,49,71,38,77
2004-11,33,24,42,65,33,71,80,34,24,70,52,18,91,42,80,31,28,35,78,88,38,5,14,67,65,62,80,59,36,31,68,19,71,26,17,54,1,17,90,71,24,29,88,81,39,59,34,77,44,0,74,49,27,24,42,91,48,54,56,79,69,13,46,41,70,90,33,29,66,91,76,23,83,53,41,69
2004-12,30,27,47,66,23,85,95,31,28,70,54,26,83,47,85,29,25,35,77,80,39,7,12,72,57,64,76,47,36,31,65,17,67,23,22,60,1,17,86,68,21,21,86,78,32,63,29,73,41,0,23,53,29,44,30,86,51,46,67,83,54,12,42,39,66,85,15,29,66,100,79,18,72,67,39,69
2005-01,32,43,56,68,20,87,91,35,56,69,51,21,82,55,92,32,33,27,61,81,36,4,20,58,56,66,85,60,38,27,70,17,73,24,21,67,1,17,85,71,22,18,79,81,31,58,33,73,44,0,26,82,31,64,32,86,39,51,71,83,69,12,47,39,72,90,54,25,78,76,62,22,80,57,43,89
2005-02,33,26,52,68,16,85,82,35,17,70,48,23,100,52,81,33,27,27,57,91,35,6,19,60,69,67,78,63,38,25,72,18,75,26,13,47,2,19,88,79,22,38,83,83,34,57,35,72,48,0,28,59,29,34,35,88,69,49,73,90,69,14,45,39,73,95,57,22,79,75,75,21,76,69,39,84
2005-03,37,22,55,72,14,77,75,35,14,67,50,21,89,41,73,33,32,25,87,83,38,3,16,59,64,67,85,65,39,25,71,18,77,22,18,55,1,19,83,70,31,26,83,81,33,57,33,67,47,0,26,53,28,51,33,84,43,47,68,79,63,14,40,37,76,90,60,22,66,80,75,22,65,69,42,67
2005-04,40,21,53,71,13,65,71,33,24,65,51,33,86,43,71,35,42,26,70,86,35,4,16,64,66,64,66,63,38,24,72,19,80,28,14,62,1,19,76,69,51,27,79,84,38,58,37,76,50,0,30,54,30,45,37,83,63,49,66,78,60,14,26,37,78,87,40,25,70,78,86,21,69,60,40,74
2005-05,44,21,48,69,12,76,72,38,21,69,49,26,84,61,66,36,31,27,71,85,34,15,10,68,69,65,78,64,37,24,71,21,78,32,24,51,2,20,76,64,36,30,71,82,34,61,38,80,47,0,32,57,30,61,35,81,58,43,63,83,65,13,33,37,78,85,23,22,64,75,79,22,61,71,42,77
2005-06,34,25,53,70,34,74,69,43,7,68,49,21,91,63,66,33,26,25,76,74,38,12,14,66,71,64,70,75,38,26,68,23,82,28,20,44,1,21,76,67,31,37,79,83,35,61,39,84,51,0,52,57,33,42,34,75,39,47,56,82,71,13,36,36,78,80,53,25,53,73,86,21,62,76,41,74
2005-07,48,25,59,70,34,65,69,39,22,72,52,21,78,47,70,28,26,28,78,69,34,20,14,57,67,67,84,64,39,23,69,21,84,28,18,50,1,21,75,69,26,28,77,79,37,55,46,75,50,0,65,54,40,51,32,71,67,41,63,76,69,13,31,35,78,77,18,28,64,72,57,22,46,72,38,89
2005-08,38,24,58,72,23,71,70,31,7,68,47,17,86,82,66,27,25,28,58,71,38,12,10,58,73,65,72,75,38,25,68,22,83,24,22,43,1,18,76,64,27,26,78,69,32,61,40,71,46,32,61,52,46,33,34,73,40,41,50,86,57,13,33,39,72,83,69,31,54,83,63,21,60,71,37,68
2005-09,34,24,59,65,17,82,72,32,25,67,50,17,79,59,67,31,30,31,69,77,37,12,14,61,69,62,79,72,36,26,69,22,76,23,21,48,1,19,78,72,27,28,67,83,42,63,35,70,49,0,63,50,52,60,31,79,60,42,57,77,81,13,29,40,75,89,58,34,61,90,57,22,82,62,41,74
2005-10,38,23,59,64,17,75,74,33,12,73,51,26,91,55,66,32,32,33,64,82,38,7,11,67,71,63,74,81,38,24,70,23,77,25,21,30,1,20,77,77,27,25,82,86,40,60,36,82,48,0,71,51,43,37,32,82,45,43,67,76,73,13,33,41,83,89,54,37,60,90,60,22,91,69,39,73
2005-11,39,27,52,63,15,68,74,30,21,71,51,37,92,50,64,32,30,42,73,86,39,9,16,62,70,65,86,78,38,24,67,22,79,25,26,49,1,25,76,80,30,19,63,88,34,65,35,79,49,0,84,52,33,51,30,80,74,40,83,79,70,12,33,43,83,87,68,73,47,93,52,20,86,68,37,74
2005-12,38,27,50,62,17,65,87,29,12,75,54,40,84,44,67,30,32,40,56,78,41,10,12,72,59,67,71,63,37,26,64,20,72,22,23,34,1,19,73,69,27,21,63,80,31,59,33,72,41,0,27,52,31,28,25,75,58,36,73,64,58,11,28,38,71,79,63,18,71,95,61,19,83,72,38,64
2006-01,35,26,58,64,16,76,78,32,18,75,51,41,89,51,64,33,37,31,71,79,37,5,15,56,70,67,77,76,38,26,68,20,78,26,21,41,1,19,70,78,28,24,68,80,38,58,37,78,46,0,24,88,32,24,28,76,54,42,71,82,70,14,30,40,76,82,80,32,58,72,59,24,97,70,43,94
2006-02,35,28,56,64,14,73,74,32,18,71,48,45,96,50,61,33,34,32,78,79,37,10,11,57,69,66,74,79,37,25,68,23,78,32,16,44,1,19,68,80,32,26,71,86,40,63,35,76,52,0,25,57,32,56,31,76,70,42,71,80,83,13,36,75,79,86,53,25,68,70,69,26,86,77,39,88
2006-03,38,28,66,64,13,74,65,34,65,69,52,38,96,48,56,33,39,31,100,79,33,10,11,56,78,65,85,78,36,24,70,22,81,26,21,33,1,19,66,80,39,22,66,91,38,58,41,73,54,0,25,58,33,32,29,75,57,44,80,80,79,13,36,100,79,83,72,14,60,72,77,24,79,75,33,74
2006-04,39,25,56,65,13,56,62,31,100,70,50,49,79,54,53,33,31,31,56,76,39,6,14,62,71,63,71,62,38,21,68,24,81,25,20,37,1,21,61,73,64,21,71,80,40,57,32,83,48,0,32,56,33,35,34,72,49,37,70,75,67,11,30,46,78,80,64,15,59,73,63,23,68,75,33,65
2006-05,40,24,54,64,13,76,74,42,36,68,51,44,85,74,48,33,33,33,75,78,36,13,14,64,84,61,88,67,37,23,69,25,81,27,20,31,1,20,65,76,45,30,69,88,34,60,35,75,52,0,39,61,36,35,33,72,57,36,70,81,72,13,39,40,83,78,37,21,74,70,63,22,58,70,34,77
2006-06,41,25,54,64,15,71,71,44,33,71,54,26,79,70,48,31,33,31,76,71,34,11,15,63,75,61,72,62,37,21,66,24,83,25,27,49,1,21,63,65,33,19,63,86,35,59,34,82,51,0,61,58,34,26,36,66,85,40,69,78,72,12,36,41,85,72,35,15,74,67,62,21,58,67,35,73
2006-07,38,25,59,63,17,59,61,38,28,72,55,23,70,50,51,28,30,32,65,68,35,9,9,56,76,65,78,66,38,19,66,23,100,23,23,34,1,21,63,69,31,24,61,80,35,53,45,83,49,0,65,57,36,26,32,62,70,36,70,76,66,13,34,39,80,70,23,19,56,71,66,21,34,71,33,82
2006-08,36,26,65,64,17,76,63,30,17,73,56,32,84,70,54,27,29,36,75,69,38,12,13,56,71,63,81,81,37,21,65,26,89,23,23,38,1,18,68,65,34,18,66,73,31,63,63,81,50,0,58,52,39,17,27,64,71,41,65,75,53,13,40,40,78,75,29,13,74,75,70,22,56,70,35,77
2006-09,34,25,61,64,14,69,74,33,35,74,55,31,89,61,52,31,36,34,65,73,40,11,12,64,70,61,68,79,36,25,64,25,80,26,24,31,1,19,67,75,31,23,62,79,37,59,40,78,49,0,63,65,40,19,29,69,59,40,63,84,76,13,42,44,83,81,61,19,49,78,66,21,72,64,39,77
2006-10,38,24,65,58,14,71,64,31,32,74,51,48,89,55,50,33,34,39,66,77,47,8,11,65,78,61,86,86,36,22,65,24,81,25,26,33,1,17,66,86,33,17,64,81,36,63,34,85,51,0,63,80,38,18,28,72,85,39,62,78,68,12,56,41,85,81,56,20,63,84,59,23,90,67,34,76
2006-11,37,26,63,59,15,74,70,32,28,74,50,46,89,62,50,33,40,49,65,82,45,7,12,61,72,61,76,72,37,23,64,23,78,23,25,31,1,19,64,84,37,17,73,80,35,68,33,81,52,0,71,97,39,23,32,73,91,34,60,79,59,13,67,44,84,78,46,11,65,90,61,22,100,76,36,77
2006-12,37,27,57,57,17,66,72,29,15,76,55,59,81,43,49,31,36,50,75,74,44,14,14,71,64,63,68,62,36,21,59,23,75,26,18,39,1,18,64,69,34,31,60,74,32,65,32,87,43,0,27,54,39,30,22,65,79,35,55,70,56,11,51,50,80,70,35,36,60,90,71,22,91,68,35,62
2007-01,33,26,61,60,16,75,71,33,28,73,48,52,85,60,51,36,40,41,63,75,44,9,17,54,70,64,75,90,36,23,63,23,84,25,25,41,1,19,62,81,33,20,59,81,36,62,35,81,50,0,31,92,35,16,28,66,80,37,72,82,57,13,62,40,82,76,63,24,65,72,67,23,93,68,43,87
2007-02,36,26,59,59,16,71,60,34,17,75,50,72,82,57,49,35,39,39,66,78,44,93,15,55,72,62,81,100,37,22,64,24,97,25,23,38,1,20,68,80,31,27,68,85,36,62,34,80,53,0,36,64,35,41,26,66,64,37,66,81,62,14,55,41,88,77,52,11,85,68,80,22,71,76,36,83
2007-03,34,24,63,59,17,75,60,34,23,72,49,71,82,56,45,34,45,37,72,97,44,83,14,53,66,59,70,86,36,21,64,25,88,24,24,30,1,21,64,78,42,25,70,79,35,64,37,82,55,0,31,65,36,33,27,65,70,40,62,81,60,12,59,40,85,75,38,16,62,73,71,23,84,78,34,66
2007-04,35,31,58,61,17,69,57,34,19,71,51,66,78,58,43,33,38,39,70,93,45,74,29,57,70,58,77,78,38,20,63,26,84,24,26,33,1,21,60,68,75,16,69,81,38,62,38,83,52,14,38,61,36,33,26,63,62,48,70,77,58,12,57,39,83,75,34,24,68,69,79,20,64,70,34,71
2007-05,39,51,65,60,16,75,64,43,19,73,53,69,85,79,42,35,39,41,66,78,44,61,100,63,73,60,80,82,39,22,65,28,87,24,27,34,1,22,58,72,52,23,72,87,40,68,38,85,54,13,41,66,37,17,29,63,63,44,74,84,63,12,61,40,85,73,27,17,68,67,70,24,70,77,35,81
2007-06,37,72,65,59,20,68,70,45,33,74,56,38,82,79,43,34,35,41,71,70,42,59,36,59,75,60,72,80,40,21,64,27,88,23,27,30,1,27,61,73,39,26,64,87,39,68,42,91,52,13,50,64,38,20,35,59,69,41,63,83,67,13,68,40,96,68,57,24,53,64,60,23,64,74,30,80
2007-07,39,100,69,62,21,65,67,40,14,73,56,37,76,66,44,32,38,42,66,72,41,56,24,54,74,62,71,96,43,17,66,29,94,23,25,40,1,24,59,72,38,31,67,87,37,68,40,90,52,13,70,64,39,26,34,57,79,38,61,78,56,13,78,43,86,69,49,23,61,66,33,21,53,73,32,84
2007-08,38,29,65,61,20,75,72,31,20,73,53,38,72,80,44,29,33,40,60,69,43,49,19,53,70,60,74,97,42,21,65,29,87,23,23,39,1,22,59,71,37,32,61,76,38,72,50,78,52,10,66,65,38,25,29,58,75,39,65,80,61,13,73,43,89,71,64,22,59,69,34,22,52,76,32,67
2007-09,34,24,68,59,18,79,62,33,17,73,50,42,91,78,44,33,38,41,61,74,46,60,24,57,65,58,76,95,40,21,65,28,81,23,27,35,2,22,59,81,33,20,58,86,41,72,37,83,51,10,72,64,40,35,38,63,60,39,67,83,73,12,63,45,86,77,51,20,60,70,35,20,72,75,34,78
2007-10,35,33,72,58,17,77,64,32,21,74,48,66,89,58,43,34,41,45,69,77,49,56,22,60,75,60,75,80,41,21,66,28,82,23,59,38,2,22,61,88,36,27,61,88,38,72,37,82,53,10,68,64,42,14,32,64,63,38,69,83,69,14,74,48,85,80,50,29,55,78,33,24,82,71,34,80
2007-11,37,24,59,57,17,78,67,32,21,77,53,76,99,77,44,34,46,61,81,81,48,64,21,58,69,60,76,83,41,22,64,30,80,26,33,57,1,26,60,86,38,33,70,87,46,80,35,93,55,10,95,67,52,12,30,65,57,38,73,90,81,14,76,46,93,75,63,28,50,90,40,22,86,73,35,77
2007-12,35,25,59,56,23,63,77,31,11,83,57,98,87,58,45,32,41,61,65,76,43,70,30,65,59,63,69,69,42,21,61,29,71,22,29,38,1,23,59,66,36,46,57,79,44,78,37,88,47,11,39,59,53,23,24,60,61,34,71,74,66,12,65,43,83,69,40,15,51,85,38,23,70,76,33,63
2008-01,33,33,68,59,22,75,62,34,14,77,51,98,91,64,44,36,48,49,70,77,44,96,30,52,69,64,78,95,44,23,68,28,79,28,36,44,3,25,64,81,36,36,65,86,61,82,40,88,54,10,41,88,56,18,28,60,61,39,77,87,72,16,73,43,89,75,40,26,44,67,45,25,88,72,34,86
2008-02,37,30,69,61,22,77,54,36,9,78,55,91,91,71,43,37,50,46,81,79,43,76,41,54,68,65,80,89,45,21,69,30,82,27,29,37,100,28,59,80,35,25,65,83,68,79,40,87,60,10,38,69,63,17,31,61,73,39,74,89,85,16,72,46,95,79,53,21,57,64,51,27,66,78,35,92
2008-03,36,27,100,59,23,79,52,35,17,78,51,100,90,63,39,39,52,46,79,75,42,52,35,52,70,62,82,82,45,21,67,29,80,30,27,45,21,27,58,75,45,30,64,82,69,82,41,87,56,9,37,66,67,19,30,59,72,37,70,83,95,17,62,42,91,73,40,25,52,66,36,26,74,70,36,71
2008-04,38,32,79,61,34,74,51,34,21,75,51,81,90,70,37,39,47,48,75,78,42,50,22,56,79,63,77,82,46,22,69,31,83,28,26,54,8,28,55,73,80,21,66,85,60,80,39,89,62,9,41,66,68,22,35,60,78,41,99,85,73,20,72,41,90,76,56,25,66,68,38,27,70,71,35,76
2008-05,32,29,79,61,52,72,52,43,13,78,51,93,86,92,35,39,48,49,71,78,36,57,22,60,72,60,80,72,48,23,69,33,85,24,33,52,5,27,56,74,55,22,70,92,56,77,42,100,58,14,38,76,76,20,33,58,79,37,96,89,74,19,67,41,94,71,54,29,70,64,49,27,59,67,34,72
2008-06,34,31,91,62,33,71,61,44,15,79,54,58,87,85,35,36,48,49,80,73,38,59,18,61,72,65,76,67,50,21,68,35,86,22,32,35,3,38,52,70,43,25,67,83,61,83,44,95,59,9,56,73,75,18,31,55,80,36,96,92,80,20,70,43,93,68,39,25,55,62,58,29,55,68,34,80
2008-07,36,27,88,63,30,70,65,38,14,90,59,46,77,58,35,33,48,47,75,74,37,56,17,54,69,64,76,76,52,20,70,35,84,23,26,59,3,35,54,72,42,17,59,82,66,85,44,92,59,9,83,71,53,22,29,53,73,37,74,89,69,22,72,41,92,68,64,45,60,65,44,33,39,71,35,86
2008-08,35,25,85,64,30,69,70,31,15,92,67,45,83,89,37,32,43,51,67,72,45,44,17,56,74,63,70,71,53,19,68,35,81,23,32,38,2,31,54,66,43,23,62,72,87,83,50,90,54,14,66,65,52,9,26,55,100,35,85,88,59,22,72,45,86,70,38,23,57,67,60,30,45,68,34,71
2008-09,36,26,93,60,25,78,57,35,10,100,58,50,94,70,38,36,48,48,80,78,48,43,22,61,69,60,89,70,49,21,68,34,83,26,31,47,2,28,53,88,39,18,61,82,93,95,45,90,57,9,75,70,60,19,28,60,74,37,82,92,80,21,72,48,91,78,43,42,58,72,48,27,62,75,36,84
2008-10,36,28,77,61,24,81,56,33,13,96,50,66,92,71,40,38,49,54,81,81,46,41,16,64,70,61,79,72,50,20,69,35,78,24,35,38,2,32,54,100,39,20,60,92,100,92,42,92,60,8,71,69,61,17,28,59,73,36,79,94,76,26,72,52,92,77,47,27,59,75,45,27,72,78,39,83
2008-11,33,30,70,58,25,75,67,31,13,91,51,85,90,63,37,37,53,74,77,81,45,52,17,64,68,61,76,70,52,19,67,36,71,25,29,32,2,32,55,87,39,22,64,89,86,93,43,89,57,8,82,78,63,25,26,58,72,38,78,92,70,25,80,48,90,74,40,16,58,83,60,27,75,75,39,77
2008-12,32,47,73,58,45,69,80,30,10,95,55,80,82,51,36,35,48,75,85,78,40,44,22,68,61,66,65,56,53,19,64,36,69,24,26,32,2,32,54,72,40,18,53,83,61,98,40,86,50,8,36,67,65,15,23,56,61,34,70,83,64,25,71,49,86,69,43,18,60,82,62,28,61,78,42,63
2009-01,33,69,70,59,35,79,67,34,11,90,49,79,82,67,38,39,56,53,73,77,41,37,19,54,71,64,83,68,55,21,69,36,75,23,27,33,2,33,55,89,39,25,55,84,61,92,43,89,58,8,40,92,62,14,28,56,65,34,64,94,76,32,76,50,89,73,51,16,58,65,52,29,76,79,39,81
2009-02,31,65,74,62,31,74,60,34,21,90,47,69,90,73,37,40,59,47,75,78,40,42,18,55,66,65,78,65,55,21,70,36,76,23,34,40,2,36,54,88,37,19,57,85,62,88,44,87,65,8,42,74,60,22,33,57,71,35,76,94,77,31,79,50,90,77,59,34,67,62,55,28,53,81,39,82
2009-03,35,73,75,63,28,77,47,35,22,89,47,69,90,63,35,41,62,48,80,77,37,41,21,56,69,64,79,71,55,20,71,38,79,23,29,41,2,37,51,87,51,21,63,92,59,93,46,83,65,9,38,72,70,21,30,58,71,36,80,96,77,31,91,49,92,74,43,100,69,65,63,28,70,85,39,80
2009-04,35,32,83,63,27,69,47,34,13,87,47,69,82,67,32,40,53,47,74,77,35,35,15,61,67,63,82,68,57,22,71,44,79,22,31,34,2,38,50,81,79,22,55,84,59,91,44,84,68,11,39,65,68,17,28,57,62,35,69,95,82,38,70,46,89,75,42,83,55,64,76,27,54,80,41,75
2009-05,34,25,78,62,27,66,44,43,14,85,47,67,87,93,31,43,47,49,77,74,34,33,20,61,69,61,78,63,58,20,70,47,78,22,26,45,2,37,50,79,49,15,56,85,61,86,46,81,64,7,37,65,71,17,26,56,95,33,76,93,75,39,85,46,87,68,28,57,56,60,51,24,51,70,38,76
2009-06,34,23,76,64,28,66,51,45,9,82,48,49,85,90,31,41,52,55,72,72,35,41,19,60,73,63,78,71,61,23,71,46,81,23,26,40,2,50,47,80,40,22,61,82,54,90,46,83,65,7,41,64,72,9,29,53,73,35,84,96,71,42,93,46,93,65,31,47,55,58,63,25,55,78,39,78
2009-07,36,23,81,64,31,56,72,36,21,82,48,33,76,63,31,37,53,55,74,72,32,35,18,56,70,64,80,65,63,18,73,50,80,23,29,45,1,41,46,74,39,19,51,80,54,87,50,82,66,8,69,66,53,15,27,49,69,32,69,100,64,45,100,46,89,64,26,56,44,59,69,28,31,79,36,86
2009-08,36,24,78,63,32,71,70,31,19,90,46,33,82,98,32,36,45,53,75,76,35,35,17,57,68,64,75,67,64,19,72,52,80,23,27,40,2,35,48,75,43,20,50,75,60,90,52,80,62,10,64,66,53,17,26,51,70,31,76,94,63,49,72,49,84,67,35,51,57,65,68,37,42,80,40,74
2009-09,35,23,77,62,27,76,59,33,14,85,44,48,97,74,32,41,44,50,79,77,42,38,16,60,65,61,79,73,61,17,73,49,81,25,35,37,2,33,49,87,37,23,54,84,58,100,46,79,66,19,67,66,56,17,27,57,66,31,80,94,76,47,77,52,92,78,40,62,57,67,60,26,53,84,42,84
2009-10,35,23,70,62,26,65,63,30,6,80,41,51,90,66,32,40,53,59,72,77,46,32,18,66,66,61,77,69,61,17,74,48,75,23,31,32,2,40,51,89,32,23,54,83,50,92,44,73,64,6,67,64,58,9,26,55,95,29,70,88,75,55,74,51,86,75,34,26,47,73,74,24,55,80,44,81
2009-11,33,23,57,61,27,68,74,30,16,80,43,50,86,58,32,41,53,77,73,79,42,28,14,62,64,62,81,65,64,17,73,46,77,21,33,33,2,40,54,81,33,20,58,84,59,95,43,71,63,21,86,60,57,24,25,55,85,28,69,87,77,46,75,50,80,72,34,34,44,74,76,25,59,80,41,79
2009-12,31,25,54,58,31,58,92,27,24,81,46,56,79,45,31,38,50,80,67,73,40,35,14,69,60,66,74,59,62,17,70,47,66,21,38,33,2,37,50,67,31,32,50,78,47,89,46,69,55,18,39,58,60,15,19,50,75,27,67,81,65,47,68,47,73,63,30,35,41,74,66,29,60,78,43,65
2010-01,33,30,63,63,31,69,79,30,10,80,43,56,87,60,33,43,56,57,67,75,40,35,16,58,62,64,74,69,64,19,76,50,73,22,41,35,2,39,50,79,31,100,52,82,49,88,46,69,59,14,37,82,60,12,26,51,77,28,75,92,71,50,80,47,79,68,19,33,47,59,63,27,69,80,43,85
2010-02,33,25,58,61,28,69,70,30,10,72,40,50,83,56,31,45,52,53,69,76,36,33,16,59,63,64,77,73,65,20,77,52,74,22,42,30,2,40,48,77,29,44,50,81,48,88,42,67,65,15,37,66,64,17,29,53,71,28,70,89,69,44,78,47,80,72,39,30,50,57,58,28,67,74,42,89
2010-03,37,23,62,62,25,72,57,31,14,71,40,52,85,53,29,45,66,55,76,76,37,33,15,59,70,63,86,76,64,20,78,51,77,26,47,29,2,43,47,75,37,40,58,83,50,90,45,68,69,16,36,66,61,17,25,51,70,28,75,90,69,54,75,45,81,70,38,44,64,62,54,25,66,85,42,83
2010-04,39,22,66,66,28,64,67,30,21,72,40,58,78,66,28,44,58,58,62,74,35,30,15,62,70,62,76,72,67,23,78,54,79,24,56,33,2,53,46,70,60,30,56,82,83,84,49,72,67,19,36,63,60,7,26,50,66,27,73,88,67,64,64,43,83,70,47,93,57,61,54,25,52,77,42,76
2010-05,35,61,62,64,27,60,72,41,18,70,40,44,83,77,26,47,57,60,71,76,35,33,14,62,73,61,76,63,66,23,79,57,76,23,54,30,2,48,45,69,47,32,56,84,62,84,44,69,65,11,37,65,60,19,25,49,64,27,72,91,70,51,64,43,80,65,38,33,55,61,57,26,51,100,41,80
2010-06,37,29,61,65,28,57,85,35,14,69,40,30,80,78,25,42,55,58,70,71,32,33,14,64,77,63,72,64,68,18,79,57,76,21,60,34,2,45,43,67,38,29,53,80,57,84,44,78,66,5,42,62,58,22,25,46,68,26,72,88,71,54,67,44,82,60,28,22,57,59,81,26,51,76,40,86
2010-07,38,30,60,67,30,50,76,30,15,71,42,25,74,67,26,39,49,60,70,74,31,34,14,56,75,70,78,67,75,19,82,60,83,21,60,36,2,56,42,66,34,24,47,75,50,80,46,73,62,10,73,62,59,17,25,44,68,25,64,81,57,63,66,44,78,58,28,16,65,61,56,36,35,85,39,87
2010-08,39,37,61,66,29,58,70,29,13,70,41,31,81,96,27,36,49,59,72,75,38,37,13,56,73,67,76,68,73,19,80,61,74,22,63,29,2,45,44,65,36,22,48,72,55,85,58,69,63,20,67,62,59,16,25,45,67,26,67,80,57,68,70,47,75,64,23,18,63,70,69,42,44,80,40,75
2010-09,40,36,65,64,25,62,82,30,20,70,44,31,87,66,27,40,56,57,69,77,47,29,15,73,72,65,73,69,69,17,78,63,75,23,67,31,2,45,42,74,32,24,48,88,50,89,44,70,65,10,78,67,58,14,26,48,67,27,77,84,64,64,71,54,80,74,36,5,58,72,65,34,49,76,41,85
2010-10,39,23,64,64,25,64,81,28,14,73,40,49,84,56,27,41,68,65,76,77,48,31,23,82,70,65,76,65,69,18,78,66,70,21,67,29,2,49,45,87,35,27,50,92,62,85,50,77,63,9,77,69,58,18,24,48,66,30,67,81,64,78,70,53,82,73,25,10,54,90,65,33,60,77,41,84
2010-11,40,30,61,63,24,63,70,27,16,72,41,55,80,54,26,44,60,84,77,80,48,29,19,76,75,68,79,75,68,17,78,65,67,21,72,34,2,48,43,77,37,27,50,94,56,85,47,71,64,29,100,70,57,20,25,48,63,28,67,82,71,62,72,53,81,71,28,6,55,88,69,35,63,77,44,86
2010-12,36,40,58,59,28,58,76,26,13,74,43,65,78,47,26,40,61,80,66,76,44,32,17,83,69,72,71,58,70,17,75,60,63,20,75,30,2,46,44,66,36,22,44,88,38,85,48,68,55,11,39,67,57,17,20,44,60,27,64,73,62,66,60,49,80,63,33,7,57,81,62,32,66,82,43,71
2011-01,39,29,56,67,28,61,70,28,13,73,39,66,80,64,28,42,64,59,72,77,41,29,16,75,62,72,85,65,73,20,79,64,69,21,71,27,2,48,42,74,36,38,50,97,45,80,54,71,62,12,43,91,61,19,27,45,58,25,71,84,71,71,71,51,83,69,35,11,54,65,59,36,74,82,44,88
2011-02,48,31,55,68,26,63,58,30,8,72,36,62,83,65,26,42,62,56,62,78,39,31,16,73,68,71,80,64,71,19,79,61,71,21,76,34,2,47,43,84,36,27,49,100,45,79,50,72,70,17,43,76,63,21,26,49,63,28,75,84,71,64,73,50,89,73,31,10,66,66,59,36,59,79,43,86
2011-03,46,47,59,67,24,62,50,28,14,66,37,60,81,58,25,42,62,58,66,78,39,26,16,70,72,71,77,60,73,18,81,72,71,21,78,34,2,49,41,81,46,21,51,89,44,77,49,72,71,17,39,73,61,24,27,46,62,27,74,85,66,62,75,46,81,73,33,13,67,68,53,33,69,76,43,86
2011-04,46,97,60,70,25,56,59,30,13,67,35,64,77,68,23,45,59,56,69,78,35,26,15,77,69,69,75,56,76,18,82,83,71,23,76,35,2,50,39,63,69,20,48,89,42,72,48,71,68,8,37,69,63,12,25,46,50,26,77,82,69,100,67,44,83,72,28,13,63,67,73,30,52,71,44,75
2011-05,47,58,58,71,24,57,70,87,10,65,36,56,80,81,23,48,55,60,65,78,32,26,16,80,81,68,79,57,73,23,81,82,71,37,74,31,2,62,40,68,62,22,53,88,44,73,47,66,69,17,39,75,65,17,27,46,55,25,75,82,73,62,72,44,81,66,30,21,62,65,64,29,61,81,44,81
2011-06,45,79,58,69,28,55,71,32,9,67,39,47,76,85,22,63,67,56,67,78,32,25,15,84,78,70,75,53,76,21,82,78,70,33,76,36,2,56,39,64,61,22,50,92,40,73,52,70,68,16,47,77,65,19,29,44,50,25,80,84,67,58,67,44,86,62,18,12,63,62,60,30,41,80,44,83
2011-07,46,24,61,69,32,49,100,30,8,67,38,30,66,62,22,54,55,56,72,77,32,26,19,82,78,74,75,57,78,23,84,81,94,37,82,25,2,51,39,63,51,24,46,85,37,69,49,65,65,8,74,75,62,21,27,42,55,23,66,79,58,57,69,44,82,60,18,17,64,64,46,30,33,76,44,78
2011-08,46,22,59,70,31,59,71,27,12,65,37,31,73,100,24,55,50,55,66,77,37,34,19,74,76,71,72,57,77,19,82,84,77,29,85,24,2,42,38,64,55,19,46,83,36,81,58,63,66,11,64,73,63,20,25,44,55,24,78,82,57,57,72,47,82,65,24,8,66,66,58,27,52,71,45,71
2011-09,45,22,63,69,26,64,76,28,9,68,36,32,83,64,24,59,61,55,60,77,43,28,18,67,74,68,77,53,72,18,81,85,72,29,81,26,2,50,39,68,60,20,51,95,40,79,56,65,68,5,70,78,67,14,26,49,53,24,90,86,71,63,69,50,84,77,36,9,73,69,52,28,57,70,44,77
2011-10,46,22,61,70,28,60,74,26,11,71,36,62,81,60,23,56,66,60,69,78,48,30,15,70,73,69,78,52,73,18,80,83,65,44,84,28,2,50,38,73,69,25,46,96,38,81,52,67,67,15,72,75,67,19,25,51,47,24,85,84,68,75,65,52,87,76,22,10,66,71,51,27,71,79,44,78
2011-11,49,22,63,70,32,56,76,26,12,71,38,66,80,56,23,59,66,76,81,82,47,32,17,79,76,74,77,49,72,18,80,86,65,38,82,24,2,51,37,71,74,21,48,99,40,97,48,67,68,10,89,79,74,34,25,50,61,24,80,87,70,58,75,52,90,76,26,8,63,82,50,29,68,74,45,80
2011-12,43,22,58,68,31,49,84,24,11,72,39,65,72,43,22,72,100,80,71,77,44,52,16,100,65,77,70,44,77,20,77,85,59,37,95,40,2,49,35,58,77,16,42,90,38,69,46,62,59,12,39,73,92,23,21,45,65,21,78,76,63,58,62,48,82,67,25,8,54,75,39,30,63,72,44,67
2012-01,46,23,58,72,31,58,70,27,11,74,35,61,77,60,23,70,68,59,67,79,44,65,16,95,74,76,81,50,79,24,82,88,66,49,92,24,2,50,35,68,73,19,50,92,42,69,48,61,68,13,38,100,100,29,24,47,55,23,78,89,62,67,78,57,88,70,21,8,57,64,31,33,70,77,44,82
2012-02,49,25,58,74,28,56,60,28,9,70,33,62,78,60,22,100,67,54,71,79,41,100,16,94,75,76,74,50,77,22,81,94,98,50,97,21,2,52,36,70,64,23,53,92,38,68,55,65,70,5,39,79,100,32,25,48,65,25,81,85,66,59,75,48,83,76,26,4,71,64,45,31,57,76,48,80
2012-03,51,24,61,74,27,54,63,28,12,68,34,72,83,54,21,82,68,54,73,80,39,56,18,88,74,75,84,47,75,19,82,100,69,51,98,27,2,54,36,66,78,19,55,94,40,69,52,61,72,14,36,80,97,25,25,47,54,24,83,80,65,67,74,46,85,75,20,8,87,69,37,74,71,71,47,78
2012-04,51,22,62,74,27,50,74,26,10,65,36,69,73,59,20,69,64,59,71,81,37,76,17,69,78,75,79,48,78,19,83,77,68,48,95,31,2,56,35,59,94,17,52,90,41,66,43,60,68,36,35,69,90,26,26,48,56,24,74,77,71,81,70,46,81,73,25,5,75,73,50,53,54,68,48,74
2012-05,49,23,59,73,26,54,71,57,11,62,34,59,78,79,20,64,63,58,74,83,36,45,17,69,89,72,73,44,79,22,84,78,70,67,94,26,2,69,32,57,79,20,53,89,39,65,52,59,70,27,39,70,87,22,26,46,58,23,76,78,66,55,68,47,80,69,18,3,70,68,52,42,52,68,47,82
2012-06,48,21,59,74,29,53,74,29,12,61,35,37,71,81,20,64,65,57,65,83,34,32,16,74,88,75,73,44,81,23,83,80,70,88,93,27,2,63,32,54,73,19,51,81,38,64,55,62,68,9,45,68,89,17,26,44,51,21,77,75,58,55,68,45,81,64,25,4,68,68,43,49,46,68,46,74
2012-07,49,24,60,78,32,49,99,25,13,60,35,26,63,57,20,61,66,55,65,85,33,36,15,70,100,80,73,48,86,29,85,74,79,100,96,23,2,58,33,57,63,19,47,78,39,63,58,60,67,6,65,68,85,20,26,44,53,21,64,79,56,58,66,46,77,64,13,8,75,66,59,47,33,74,49,77
2012-08,56,22,57,77,32,58,82,24,13,61,36,27,69,88,20,58,60,56,65,84,36,36,16,72,96,80,72,47,87,22,84,73,71,68,94,24,1,50,34,53,67,17,48,75,36,64,56,56,67,5,57,66,81,27,26,45,59,20,71,79,59,60,69,48,76,69,20,3,73,70,52,50,47,69,53,70
2012-09,53,25,63,77,27,61,74,26,17,62,36,38,84,59,21,62,68,63,68,87,50,32,16,72,86,77,75,46,82,21,85,68,70,69,97,30,1,59,34,59,59,21,51,81,39,69,48,57,68,18,73,65,79,33,26,51,67,22,74,79,63,59,71,53,77,81,46,4,76,75,47,45,52,69,51,80
2012-10,53,20,58,75,25,59,74,25,10,61,32,49,80,59,20,57,64,66,72,84,52,29,16,75,86,74,74,47,79,21,83,67,65,74,92,38,1,55,34,69,63,18,48,79,39,83,49,58,69,12,70,65,77,35,26,50,54,21,67,79,61,73,74,53,75,79,46,2,71,75,46,45,63,65,51,85
2012-11,52,21,57,73,29,60,87,23,9,61,37,54,73,49,20,66,64,79,68,84,49,32,16,75,79,76,73,45,78,19,80,66,61,68,95,29,1,57,35,63,61,22,49,79,38,76,48,56,68,7,93,66,69,46,26,48,56,20,64,77,67,54,77,52,74,74,45,6,70,84,52,36,59,65,56,80
2012-12,50,21,56,68,31,51,83,22,14,63,42,57,69,39,20,73,90,89,64,82,47,30,14,83,67,83,71,40,79,18,79,57,56,51,100,24,1,59,34,52,62,19,47,74,35,62,45,52,56,10,35,62,69,37,23,47,69,19,61,73,55,49,64,49,66,65,70,3,69,77,59,40,53,64,56,66
2013-01,51,22,55,76,30,61,67,24,20,60,100,46,74,56,20,65,66,61,67,81,49,33,17,84,80,82,79,46,83,21,83,59,64,44,91,25,1,59,35,62,64,18,47,77,42,66,47,52,67,14,40,84,64,39,27,45,57,20,65,81,58,60,83,48,73,71,53,7,73,66,47,40,60,66,58,82
2013-02,55,21,53,76,27,67,71,28,18,62,86,52,75,53,21,60,62,57,70,86,44,30,17,89,82,80,77,48,83,26,84,64,66,41,93,29,1,63,35,62,56,24,58,81,41,71,49,52,72,12,37,67,67,32,28,47,50,21,71,78,62,50,79,49,78,77,50,7,68,68,52,40,46,77,62,82
2013-03,58,20,64,75,27,63,59,24,23,60,57,52,72,47,19,60,64,61,65,84,41,32,17,98,78,78,80,44,81,19,83,64,70,38,91,23,1,66,35,59,62,19,52,78,40,64,55,49,70,12,34,63,66,34,28,46,44,21,70,75,61,60,86,46,100,75,36,5,76,72,47,39,49,70,60,79
2013-04,58,19,59,77,26,70,68,24,24,59,44,51,71,63,18,57,63,61,64,84,43,32,20,91,80,76,80,46,85,19,85,67,69,38,92,31,1,73,32,55,100,17,58,82,41,64,49,52,74,9,33,63,68,36,48,46,52,21,66,79,62,71,73,47,79,76,100,6,72,72,47,39,76,66,61,82
2013-05,58,21,61,78,28,62,79,61,26,58,41,57,72,73,17,56,62,62,66,86,42,32,20,89,86,75,76,43,86,23,85,68,73,36,89,29,1,83,31,54,70,18,53,81,40,63,50,51,71,10,36,63,68,22,38,45,57,20,61,79,64,44,67,46,75,69,66,5,70,71,56,39,46,69,62,83
2013-06,56,29,57,77,30,56,89,24,28,58,40,35,63,70,18,57,59,57,75,84,35,37,18,82,82,75,72,44,89,22,84,72,70,36,87,25,1,83,30,49,58,18,52,75,39,63,62,49,69,5,48,62,70,23,36,42,58,19,60,74,52,44,65,44,72,64,57,5,70,67,62,37,41,68,64,81
2013-07,58,24,57,80,37,57,80,23,30,57,39,27,59,59,18,56,59,58,62,84,34,36,16,76,86,80,81,45,94,25,86,71,74,37,81,25,1,69,31,51,52,34,55,73,40,61,60,47,70,4,66,61,69,25,44,42,63,18,68,80,56,47,65,43,76,66,31,5,73,72,100,39,31,76,68,82
2013-08,60,23,56,78,38,62,77,21,42,59,40,29,64,86,18,57,55,59,64,82,40,34,18,77,84,75,72,49,91,21,84,68,67,34,81,30,1,65,31,49,54,20,52,69,38,63,62,45,69,9,62,59,68,24,51,43,50,19,64,78,53,46,67,44,69,69,30,2,79,72,56,39,39,65,69,77
2013-09,60,24,61,76,100,68,63,23,27,59,36,33,75,57,19,61,65,64,67,83,57,31,19,76,79,74,80,48,85,21,86,69,66,54,73,37,1,73,32,54,45,18,56,73,41,69,55,48,71,10,73,61,69,18,49,46,41,20,67,78,66,48,66,49,69,83,25,2,72,75,72,40,45,64,69,88
2013-10,62,23,59,77,92,65,56,21,25,59,36,48,75,56,19,60,64,70,65,83,57,28,19,77,78,76,79,49,85,20,85,68,63,37,76,29,1,73,34,67,45,26,57,86,41,69,48,50,75,3,63,62,72,23,61,47,46,20,68,78,59,62,70,48,76,82,25,5,87,78,63,42,55,71,68,91
2013-11,61,31,54,74,56,67,61,20,34,60,34,49,69,54,19,66,66,84,69,83,59,33,20,78,77,77,75,47,82,20,82,65,60,34,74,31,1,76,33,59,46,21,61,77,40,69,46,48,70,2,82,61,68,20,71,47,46,20,63,81,69,42,72,49,68,77,25,3,79,86,56,37,55,68,72,83
2013-12,59,43,54,73,58,63,67,19,14,61,38,47,65,35,20,74,87,88,68,80,57,34,17,84,68,81,73,45,85,19,83,66,56,36,77,28,1,75,33,50,49,17,60,72,38,63,43,48,61,3,39,59,67,17,64,45,45,18,62,76,62,41,61,45,61,68,22,5,61,83,61,39,57,68,74,71
2014-01,63,43,51,81,51,68,59,22,13,59,41,45,73,56,20,67,69,65,68,83,59,31,20,73,79,81,82,52,89,25,89,65,64,32,70,31,1,75,35,60,50,18,65,78,41,67,47,47,73,2,39,76,67,15,82,46,47,19,63,85,60,48,77,46,71,76,21,7,54,69,57,44,64,68,76,87
2014-02,66,65,54,82,42,72,47,22,9,57,37,46,72,51,20,62,63,63,63,83,51,35,20,73,80,78,88,55,86,24,87,67,65,32,71,30,1,77,32,60,41,19,62,78,42,70,49,46,76,2,37,62,67,22,62,47,52,21,68,82,64,43,73,46,72,81,25,3,75,67,54,41,58,72,77,90
2014-03,69,98,68,85,39,68,52,26,11,57,34,43,72,49,18,60,62,62,63,84,46,31,18,74,78,77,82,55,86,22,89,65,76,32,70,33,1,81,32,58,53,18,71,80,43,68,57,48,76,2,34,63,67,17,61,46,96,21,69,80,62,45,70,45,72,79,22,3,78,73,58,41,52,71,73,90
2014-04,70,37,58,88,38,64,59,23,10,57,33,44,69,61,18,58,64,63,68,83,45,32,19,78,74,78,78,55,86,21,88,67,71,33,72,33,1,82,31,53,84,20,68,77,44,65,54,47,76,2,34,59,69,16,59,46,67,21,61,81,64,57,67,45,72,79,24,4,87,73,68,40,47,69,79,86
2014-05,72,24,56,100,37,66,55,78,18,58,33,51,77,76,17,60,64,65,66,84,45,31,19,83,81,78,81,55,86,25,90,74,77,31,74,29,1,97,31,55,61,20,69,81,45,67,51,49,77,4,37,61,72,17,58,46,48,20,69,83,65,41,67,48,72,74,20,5,92,71,45,43,51,71,79,87
2014-06,73,22,55,89,39,64,65,23,11,58,33,40,63,67,17,56,64,61,68,81,40,28,21,81,83,77,78,53,85,26,89,72,76,27,75,28,1,100,30,52,51,20,63,77,43,66,75,45,74,5,53,58,73,23,57,43,80,19,69,78,61,40,66,42,86,66,25,3,91,70,56,40,43,75,81,88
2014-07,72,26,57,91,42,64,64,21,11,56,34,28,61,46,17,56,59,58,70,83,40,30,18,75,85,82,78,52,89,27,90,75,74,38,74,29,1,83,29,51,45,17,61,75,41,67,61,44,75,5,71,61,76,15,57,44,60,19,66,79,53,45,66,42,77,68,22,3,97,70,73,43,36,77,86,84
2014-08,73,27,56,87,39,70,59,21,12,57,34,28,67,95,18,55,63,65,60,84,54,31,20,73,85,79,79,56,88,27,89,76,70,28,74,36,1,95,31,48,47,18,65,73,42,65,69,49,73,2,74,59,77,28,63,45,44,19,62,78,52,43,69,43,76,71,19,5,88,69,57,44,44,76,91,80
2014-09,73,29,60,88,32,75,50,22,14,56,32,32,80,63,18,55,63,65,66,83,57,26,20,73,88,77,86,58,86,23,89,77,73,31,76,45,1,90,31,54,42,18,65,79,45,73,65,44,77,2,77,60,79,25,56,48,41,21,74,83,65,48,70,49,75,86,24,2,86,71,70,48,49,70,87,96
2014-10,74,20,56,86,31,69,56,21,11,55,32,42,80,63,17,54,63,73,69,83,70,25,18,77,79,78,79,54,84,22,89,71,64,31,73,35,1,85,31,64,46,18,63,81,46,70,55,45,79,3,70,60,78,25,57,48,46,21,68,85,66,54,71,48,72,85,25,4,84,73,51,47,57,72,82,97
2014-11,71,20,56,82,40,71,51,20,10,56,35,43,70,56,18,57,67,100,76,85,69,28,21,75,74,85,82,53,86,20,89,73,62,29,75,33,1,87,32,56,45,18,64,79,46,70,54,42,76,2,82,59,76,20,54,48,46,20,62,86,70,38,76,48,69,79,19,3,85,83,63,48,61,77,88,91
2014-12,70,23,58,80,46,59,63,20,10,56,36,44,63,41,18,62,86,93,67,83,63,30,20,84,65,89,78,53,86,22,85,74,59,26,76,30,1,82,33,48,48,16,64,75,44,68,50,41,68,4,42,57,70,14,51,45,48,17,61,77,63,37,69,47,65,71,24,3,83,75,55,51,66,72,90,77
2015-01,73,21,53,85,43,72,54,22,8,54,33,44,69,53,18,57,71,68,74,84,64,29,18,72,73,85,85,61,90,29,90,74,62,28,71,32,1,86,32,54,48,18,64,76,46,68,52,42,75,4,36,73,71,20,79,45,39,18,62,83,60,41,78,46,71,77,21,3,80,63,70,84,61,82,89,92
2015-02,77,27,53,88,36,66,46,25,12,52,32,41,70,53,18,55,65,64,64,86,61,23,20,72,80,85,83,62,88,26,91,77,63,29,75,38,1,88,32,57,41,19,66,81,46,68,55,41,82,3,36,57,70,22,100,45,45,20,67,80,65,39,82,46,94,84,28,4,70,62,53,100,54,75,92,93
2015-03,82,53,53,87,39,67,39,32,10,51,36,43,73,52,17,55,68,63,69,88,57,26,20,73,74,82,91,61,87,27,90,76,66,28,71,32,1,90,31,53,56,19,70,79,48,71,70,42,83,3,34,60,70,24,64,45,37,19,64,82,64,44,92,44,76,83,24,8,100,66,50,60,54,77,89,100
2015-04,81,61,55,86,52,61,60,23,11,49,33,45,68,64,17,52,68,63,67,88,56,25,16,78,77,83,87,59,89,21,90,78,68,28,73,27,1,94,30,49,86,18,90,80,49,71,78,41,83,3,32,59,69,25,58,44,37,19,64,77,63,54,76,43,74,83,24,4,78,66,52,77,53,72,89,94
2015-05,82,44,54,87,45,60,57,94,13,50,33,48,67,75,17,54,63,64,68,90,54,26,17,84,82,84,79,58,88,27,91,82,72,28,71,31,1,98,29,51,59,18,65,81,44,69,60,42,80,2,36,60,69,23,55,44,36,19,69,79,63,36,73,44,73,79,17,3,89,69,63,80,48,74,96,94
2015-06,83,52,58,91,41,61,64,24,16,49,34,37,62,65,18,53,66,57,72,90,46,22,17,83,83,85,89,59,93,25,93,76,74,26,72,32,1,94,29,47,50,20,66,80,45,70,95,42,85,2,50,60,67,23,58,43,32,19,75,78,60,37,72,41,76,74,22,3,89,70,60,75,42,75,93,97
2015-07,83,23,53,90,42,56,82,21,21,48,33,27,58,53,17,55,59,57,70,92,41,22,20,79,82,89,87,58,95,25,96,78,82,29,71,34,1,83,31,46,43,17,62,76,40,67,77,40,83,2,68,58,67,22,59,42,39,19,67,73,56,39,73,42,71,73,26,3,88,68,69,70,38,94,97,86
2015-08,84,24,54,88,38,62,57,21,14,49,31,29,67,83,17,52,65,64,63,90,51,20,17,79,89,85,85,56,94,28,93,79,69,27,68,33,1,84,36,45,46,18,63,74,41,65,83,37,80,4,76,56,67,23,59,44,36,19,70,73,54,36,64,49,69,77,21,3,94,67,60,73,40,98,96,81
2015-09,82,34,61,86,32,71,50,22,12,47,30,44,76,62,17,53,59,63,66,92,70,19,16,78,79,83,91,60,91,21,95,77,69,27,68,32,1,79,32,50,41,19,68,79,44,70,62,40,85,4,69,57,64,24,57,46,31,20,70,76,61,35,68,48,69,89,27,3,90,69,51,76,42,90,92,96
2015-10,82,32,56,85,31,63,56,21,12,48,33,54,82,55,17,54,65,70,65,92,77,20,16,83,75,84,86,59,89,20,94,82,64,33,69,39,1,77,32,52,41,17,71,80,45,69,55,40,83,3,64,56,64,20,56,46,33,19,67,76,63,49,66,47,70,89,26,3,80,72,50,67,49,85,92,96
2015-11,79,32,55,83,29,60,46,24,12,47,30,58,72,53,18,53,65,92,72,91,79,20,16,79,73,89,83,56,88,20,92,77,59,27,95,33,1,79,32,47,43,22,76,79,46,68,54,38,82,3,80,55,61,22,56,45,33,18,66,77,66,31,71,50,68,84,25,2,83,78,55,53,49,81,95,93
2015-12,79,24,57,84,38,54,56,20,12,48,33,49,61,39,19,58,79,83,73,91,72,20,15,92,66,96,80,56,92,21,92,72,62,27,67,34,1,74,33,42,45,30,70,78,45,64,54,38,76,4,34,59,61,18,51,44,32,17,63,73,57,30,63,45,67,79,37,2,77,72,62,68,44,82,100,79
2016-01,86,26,54,91,37,68,52,22,20,47,32,41,68,54,19,59,63,64,71,94,72,20,16,78,75,95,92,62,96,27,98,74,68,28,77,34,1,79,33,48,44,26,78,83,48,66,80,37,86,4,34,72,60,25,73,46,32,19,73,76,58,33,70,44,70,83,26,4,74,64,52,86,49,84,94,89
2016-02,88,21,53,89,31,67,44,29,17,46,30,39,68,51,18,55,63,57,71,93,64,20,16,74,80,90,92,66,90,24,95,72,65,34,65,37,1,80,31,50,39,24,77,81,47,64,72,37,91,6,34,57,60,17,69,46,31,19,73,73,61,31,72,43,68,88,26,1,75,63,47,65,41,76,98,90
2016-03,89,22,57,89,30,60,46,24,15,45,29,35,69,47,17,52,70,62,73,94,65,21,16,77,79,92,94,63,92,22,96,70,67,27,66,31,0,81,32,49,55,22,84,81,48,64,100,38,91,3,29,59,60,18,65,45,34,20,70,75,62,35,67,46,70,89,32,2,89,65,47,62,42,77,88,90
2016-04,87,21,56,92,28,58,65,24,17,46,29,39,71,60,17,52,71,81,73,96,66,19,16,80,79,88,87,61,91,26,95,68,64,27,67,26,1,91,30,46,82,64,91,82,56,63,62,36,96,2,28,57,63,20,67,45,46,20,63,73,62,49,70,42,72,88,29,2,89,67,43,93,41,78,89,94
2016-05,84,21,56,91,27,57,56,100,23,46,28,40,69,64,17,51,64,68,76,98,56,19,14,82,81,87,84,58,89,28,95,67,64,27,62,30,1,96,29,43,60,58,92,79,48,60,73,35,89,5,33,58,61,18,69,44,48,19,67,72,61,29,62,42,73,79,24,3,80,66,39,83,38,77,85,90
2016-06,87,19,57,89,33,58,57,23,26,44,29,31,68,61,18,50,65,74,75,95,48,20,16,80,96,89,89,58,92,28,96,67,65,26,68,29,1,94,29,45,47,35,68,77,45,63,75,37,90,3,48,56,63,25,65,41,61,19,70,73,63,30,70,44,75,75,21,4,83,65,42,62,37,76,85,93
2016-07,92,23,55,93,34,52,67,20,23,45,31,27,59,52,18,50,68,58,70,99,47,19,16,76,90,94,86,58,100,27,98,70,69,27,66,29,0,84,31,43,44,28,61,74,44,65,79,35,86,2,68,55,65,18,60,40,46,18,67,67,54,31,65,41,72,72,22,3,86,64,52,67,33,75,89,81
2016-08,87,21,55,95,30,65,48,21,31,45,30,28,69,90,17,49,86,49,72,99,60,19,15,76,90,92,87,60,99,34,98,72,68,25,63,32,1,83,30,42,50,25,62,74,47,63,74,35,89,3,60,55,66,21,61,41,45,19,64,70,58,31,65,43,70,80,22,3,90,63,46,66,36,72,95,85
2016-09,87,20,62,88,25,66,44,21,23,44,35,27,83,60,17,50,73,38,73,98,82,18,16,76,85,93,91,65,94,31,96,72,67,27,60,32,1,75,30,50,44,25,68,77,47,64,61,36,89,3,59,55,67,23,67,45,42,19,94,72,66,29,64,48,71,93,22,2,82,65,51,79,34,73,84,100
2016-10,91,20,61,89,28,62,47,21,18,45,33,34,84,55,17,50,71,38,73,100,100,19,15,81,84,89,88,77,91,30,97,67,62,28,65,29,1,84,31,50,41,35,66,78,51,64,58,36,89,2,58,55,66,20,62,45,42,20,90,73,64,40,61,50,74,91,25,3,84,67,46,77,40,75,83,100
2016-11,100,25,61,86,26,61,42,20,20,43,31,35,74,49,18,51,66,36,74,98,92,18,16,79,81,95,88,77,92,43,97,69,59,26,66,32,1,78,31,46,46,43,66,80,49,67,57,35,88,3,72,57,69,23,61,45,44,19,100,77,64,26,68,47,71,88,28,3,87,76,64,75,44,76,82,95
2016-12,99,21,60,83,35,57,54,19,22,44,33,33,63,41,18,53,74,30,69,100,78,19,15,84,71,100,87,62,92,100,94,72,57,26,64,26,1,73,31,41,50,29,63,77,48,62,60,35,81,3,28,57,69,23,57,42,50,18,95,68,59,24,62,44,65,80,22,2,80,69,51,66,41,75,84,80
2017-01,95,27,56,89,33,62,54,21,20,41,36,33,74,62,18,52,63,32,76,98,83,15,15,73,78,100,94,75,98,65,98,69,63,27,59,26,1,77,30,46,47,30,65,79,49,63,63,34,89,2,30,67,67,18,60,43,37,20,70,72,63,28,75,45,72,84,24,3,68,59,58,65,47,74,81,99
2017-02,93,26,62,92,29,76,47,30,18,42,33,34,76,64,18,53,63,33,82,100,77,16,17,75,91,99,100,70,97,45,100,75,80,27,63,24,1,79,32,49,46,26,66,82,50,67,77,39,100,3,32,58,69,28,66,46,39,20,78,76,69,28,84,51,77,91,21,4,84,58,45,67,37,75,84,96
,,,,,,,,,,,,,,,,,,,,,,,,,,,,,,,,,,,,,,,,,,,,,,,,,,,,,,,,,,,,,,,,,,,,,,,57,,,,,
,,,,,,,,,,,,,,,,,,,,,,,,,,,,,,,,,,,,,,,,,,,,,,,,,,,,,,,,,,,,,,,,,,,,,,,59,,,,,
,,,,,,,,,,,,,,,,,,,,,,,,,,,,,,,,,,,,,,,,,,,,,,,,,,,,,,,,,,,,,,,,,,,,,,,55,,,,,
,,,,,,,,,,,,,,,,,,,,,,,,,,,,,,,,,,,,,,,,,,,,,,,,,,,,,,,,,,,,,,,,,,,,,,,53,,,,,
,,,,,,,,,,,,,,,,,,,,,,,,,,,,,,,,,,,,,,,,,,,,,,,,,,,,,,,,,,,,,,,,,,,,,,,48,,,,,
,,,,,,,,,,,,,,,,,,,,,,,,,,,,,,,,,,,,,,,,,,,,,,,,,,,,,,,,,,,,,,,,,,,,,,,63,,,,,
,,,,,,,,,,,,,,,,,,,,,,,,,,,,,,,,,,,,,,,,,,,,,,,,,,,,,,,,,,,,,,,,,,,,,,,55,,,,,
,,,,,,,,,,,,,,,,,,,,,,,,,,,,,,,,,,,,,,,,,,,,,,,,,,,,,,,,,,,,,,,,,,,,,,,62,,,,,
,,,,,,,,,,,,,,,,,,,,,,,,,,,,,,,,,,,,,,,,,,,,,,,,,,,,,,,,,,,,,,,,,,,,,,,73,,,,,
,,,,,,,,,,,,,,,,,,,,,,,,,,,,,,,,,,,,,,,,,,,,,,,,,,,,,,,,,,,,,,,,,,,,,,,73,,,,,
,,,,,,,,,,,,,,,,,,,,,,,,,,,,,,,,,,,,,,,,,,,,,,,,,,,,,,,,,,,,,,,,,,,,,,,58,,,,,
,,,,,,,,,,,,,,,,,,,,,,,,,,,,,,,,,,,,,,,,,,,,,,,,,,,,,,,,,,,,,,,,,,,,,,,59,,,,,
,,,,,,,,,,,,,,,,,,,,,,,,,,,,,,,,,,,,,,,,,,,,,,,,,,,,,,,,,,,,,,,,,,,,,,,59,,,,,
,,,,,,,,,,,,,,,,,,,,,,,,,,,,,,,,,,,,,,,,,,,,,,,,,,,,,,,,,,,,,,,,,,,,,,,56,,,,,
,,,,,,,,,,,,,,,,,,,,,,,,,,,,,,,,,,,,,,,,,,,,,,,,,,,,,,,,,,,,,,,,,,,,,,,67,,,,,
,,,,,,,,,,,,,,,,,,,,,,,,,,,,,,,,,,,,,,,,,,,,,,,,,,,,,,,,,,,,,,,,,,,,,,,52,,,,,
,,,,,,,,,,,,,,,,,,,,,,,,,,,,,,,,,,,,,,,,,,,,,,,,,,,,,,,,,,,,,,,,,,,,,,,53,,,,,
,,,,,,,,,,,,,,,,,,,,,,,,,,,,,,,,,,,,,,,,,,,,,,,,,,,,,,,,,,,,,,,,,,,,,,,53,,,,,
,,,,,,,,,,,,,,,,,,,,,,,,,,,,,,,,,,,,,,,,,,,,,,,,,,,,,,,,,,,,,,,,,,,,,,,46,,,,,
,,,,,,,,,,,,,,,,,,,,,,,,,,,,,,,,,,,,,,,,,,,,,,,,,,,,,,,,,,,,,,,,,,,,,,,55,,,,,
,,,,,,,,,,,,,,,,,,,,,,,,,,,,,,,,,,,,,,,,,,,,,,,,,,,,,,,,,,,,,,,,,,,,,,,60,,,,,
,,,,,,,,,,,,,,,,,,,,,,,,,,,,,,,,,,,,,,,,,,,,,,,,,,,,,,,,,,,,,,,,,,,,,,,61,,,,,
,,,,,,,,,,,,,,,,,,,,,,,,,,,,,,,,,,,,,,,,,,,,,,,,,,,,,,,,,,,,,,,,,,,,,,,51,,,,,
,,,,,,,,,,,,,,,,,,,,,,,,,,,,,,,,,,,,,,,,,,,,,,,,,,,,,,,,,,,,,,,,,,,,,,,66,,,,,
,,,,,,,,,,,,,,,,,,,,,,,,,,,,,,,,,,,,,,,,,,,,,,,,,,,,,,,,,,,,,,,,,,,,,,,55,,,,,
,,,,,,,,,,,,,,,,,,,,,,,,,,,,,,,,,,,,,,,,,,,,,,,,,,,,,,,,,,,,,,,,,,,,,,,59,,,,,
,,,,,,,,,,,,,,,,,,,,,,,,,,,,,,,,,,,,,,,,,,,,,,,,,,,,,,,,,,,,,,,,,,,,,,,59,,,,,
,,,,,,,,,,,,,,,,,,,,,,,,,,,,,,,,,,,,,,,,,,,,,,,,,,,,,,,,,,,,,,,,,,,,,,,60,,,,,
,,,,,,,,,,,,,,,,,,,,,,,,,,,,,,,,,,,,,,,,,,,,,,,,,,,,,,,,,,,,,,,,,,,,,,,68,,,,,
,,,,,,,,,,,,,,,,,,,,,,,,,,,,,,,,,,,,,,,,,,,,,,,,,,,,,,,,,,,,,,,,,,,,,,,58,,,,,
,,,,,,,,,,,,,,,,,,,,,,,,,,,,,,,,,,,,,,,,,,,,,,,,,,,,,,,,,,,,,,,,,,,,,,,59,,,,,
,,,,,,,,,,,,,,,,,,,,,,,,,,,,,,,,,,,,,,,,,,,,,,,,,,,,,,,,,,,,,,,,,,,,,,,65,,,,,
,,,,,,,,,,,,,,,,,,,,,,,,,,,,,,,,,,,,,,,,,,,,,,,,,,,,,,,,,,,,,,,,,,,,,,,64,,,,,
,,,,,,,,,,,,,,,,,,,,,,,,,,,,,,,,,,,,,,,,,,,,,,,,,,,,,,,,,,,,,,,,,,,,,,,52,,,,,
,,,,,,,,,,,,,,,,,,,,,,,,,,,,,,,,,,,,,,,,,,,,,,,,,,,,,,,,,,,,,,,,,,,,,,,55,,,,,
,,,,,,,,,,,,,,,,,,,,,,,,,,,,,,,,,,,,,,,,,,,,,,,,,,,,,,,,,,,,,,,,,,,,,,,49,,,,,
,,,,,,,,,,,,,,,,,,,,,,,,,,,,,,,,,,,,,,,,,,,,,,,,,,,,,,,,,,,,,,,,,,,,,,,62,,,,,
,,,,,,,,,,,,,,,,,,,,,,,,,,,,,,,,,,,,,,,,,,,,,,,,,,,,,,,,,,,,,,,,,,,,,,,48,,,,,
,,,,,,,,,,,,,,,,,,,,,,,,,,,,,,,,,,,,,,,,,,,,,,,,,,,,,,,,,,,,,,,,,,,,,,,48,,,,,
,,,,,,,,,,,,,,,,,,,,,,,,,,,,,,,,,,,,,,,,,,,,,,,,,,,,,,,,,,,,,,,,,,,,,,,39,,,,,
,,,,,,,,,,,,,,,,,,,,,,,,,,,,,,,,,,,,,,,,,,,,,,,,,,,,,,,,,,,,,,,,,,,,,,,47,,,,,
,,,,,,,,,,,,,,,,,,,,,,,,,,,,,,,,,,,,,,,,,,,,,,,,,,,,,,,,,,,,,,,,,,,,,,,47,,,,,
,,,,,,,,,,,,,,,,,,,,,,,,,,,,,,,,,,,,,,,,,,,,,,,,,,,,,,,,,,,,,,,,,,,,,,,42,,,,,
,,,,,,,,,,,,,,,,,,,,,,,,,,,,,,,,,,,,,,,,,,,,,,,,,,,,,,,,,,,,,,,,,,,,,,,56,,,,,
,,,,,,,,,,,,,,,,,,,,,,,,,,,,,,,,,,,,,,,,,,,,,,,,,,,,,,,,,,,,,,,,,,,,,,,47,,,,,
,,,,,,,,,,,,,,,,,,,,,,,,,,,,,,,,,,,,,,,,,,,,,,,,,,,,,,,,,,,,,,,,,,,,,,,53,,,,,
,,,,,,,,,,,,,,,,,,,,,,,,,,,,,,,,,,,,,,,,,,,,,,,,,,,,,,,,,,,,,,,,,,,,,,,49,,,,,
,,,,,,,,,,,,,,,,,,,,,,,,,,,,,,,,,,,,,,,,,,,,,,,,,,,,,,,,,,,,,,,,,,,,,,,45,,,,,
,,,,,,,,,,,,,,,,,,,,,,,,,,,,,,,,,,,,,,,,,,,,,,,,,,,,,,,,,,,,,,,,,,,,,,,53,,,,,
,,,,,,,,,,,,,,,,,,,,,,,,,,,,,,,,,,,,,,,,,,,,,,,,,,,,,,,,,,,,,,,,,,,,,,,58,,,,,
,,,,,,,,,,,,,,,,,,,,,,,,,,,,,,,,,,,,,,,,,,,,,,,,,,,,,,,,,,,,,,,,,,,,,,,57,,,,,
,,,,,,,,,,,,,,,,,,,,,,,,,,,,,,,,,,,,,,,,,,,,,,,,,,,,,,,,,,,,,,,,,,,,,,,55,,,,,
,,,,,,,,,,,,,,,,,,,,,,,,,,,,,,,,,,,,,,,,,,,,,,,,,,,,,,,,,,,,,,,,,,,,,,,48,,,,,
,,,,,,,,,,,,,,,,,,,,,,,,,,,,,,,,,,,,,,,,,,,,,,,,,,,,,,,,,,,,,,,,,,,,,,,38,,,,,
,,,,,,,,,,,,,,,,,,,,,,,,,,,,,,,,,,,,,,,,,,,,,,,,,,,,,,,,,,,,,,,,,,,,,,,45,,,,,
,,,,,,,,,,,,,,,,,,,,,,,,,,,,,,,,,,,,,,,,,,,,,,,,,,,,,,,,,,,,,,,,,,,,,,,52,,,,,
,,,,,,,,,,,,,,,,,,,,,,,,,,,,,,,,,,,,,,,,,,,,,,,,,,,,,,,,,,,,,,,,,,,,,,,48,,,,,
,,,,,,,,,,,,,,,,,,,,,,,,,,,,,,,,,,,,,,,,,,,,,,,,,,,,,,,,,,,,,,,,,,,,,,,40,,,,,
,,,,,,,,,,,,,,,,,,,,,,,,,,,,,,,,,,,,,,,,,,,,,,,,,,,,,,,,,,,,,,,,,,,,,,,60,,,,,
,,,,,,,,,,,,,,,,,,,,,,,,,,,,,,,,,,,,,,,,,,,,,,,,,,,,,,,,,,,,,,,,,,,,,,,54,,,,,
,,,,,,,,,,,,,,,,,,,,,,,,,,,,,,,,,,,,,,,,,,,,,,,,,,,,,,,,,,,,,,,,,,,,,,,50,,,,,
,,,,,,,,,,,,,,,,,,,,,,,,,,,,,,,,,,,,,,,,,,,,,,,,,,,,,,,,,,,,,,,,,,,,,,,63,,,,,
,,,,,,,,,,,,,,,,,,,,,,,,,,,,,,,,,,,,,,,,,,,,,,,,,,,,,,,,,,,,,,,,,,,,,,,62,,,,,
,,,,,,,,,,,,,,,,,,,,,,,,,,,,,,,,,,,,,,,,,,,,,,,,,,,,,,,,,,,,,,,,,,,,,,,51,,,,,
,,,,,,,,,,,,,,,,,,,,,,,,,,,,,,,,,,,,,,,,,,,,,,,,,,,,,,,,,,,,,,,,,,,,,,,50,,,,,
,,,,,,,,,,,,,,,,,,,,,,,,,,,,,,,,,,,,,,,,,,,,,,,,,,,,,,,,,,,,,,,,,,,,,,,54,,,,,
,,,,,,,,,,,,,,,,,,,,,,,,,,,,,,,,,,,,,,,,,,,,,,,,,,,,,,,,,,,,,,,,,,,,,,,57,,,,,
,,,,,,,,,,,,,,,,,,,,,,,,,,,,,,,,,,,,,,,,,,,,,,,,,,,,,,,,,,,,,,,,,,,,,,,58,,,,,
,,,,,,,,,,,,,,,,,,,,,,,,,,,,,,,,,,,,,,,,,,,,,,,,,,,,,,,,,,,,,,,,,,,,,,,51,,,,,
,,,,,,,,,,,,,,,,,,,,,,,,,,,,,,,,,,,,,,,,,,,,,,,,,,,,,,,,,,,,,,,,,,,,,,,50,,,,,
,,,,,,,,,,,,,,,,,,,,,,,,,,,,,,,,,,,,,,,,,,,,,,,,,,,,,,,,,,,,,,,,,,,,,,,59,,,,,
,,,,,,,,,,,,,,,,,,,,,,,,,,,,,,,,,,,,,,,,,,,,,,,,,,,,,,,,,,,,,,,,,,,,,,,52,,,,,
,,,,,,,,,,,,,,,,,,,,,,,,,,,,,,,,,,,,,,,,,,,,,,,,,,,,,,,,,,,,,,,,,,,,,,,53,,,,,
,,,,,,,,,,,,,,,,,,,,,,,,,,,,,,,,,,,,,,,,,,,,,,,,,,,,,,,,,,,,,,,,,,,,,,,56,,,,,
,,,,,,,,,,,,,,,,,,,,,,,,,,,,,,,,,,,,,,,,,,,,,,,,,,,,,,,,,,,,,,,,,,,,,,,58,,,,,
,,,,,,,,,,,,,,,,,,,,,,,,,,,,,,,,,,,,,,,,,,,,,,,,,,,,,,,,,,,,,,,,,,,,,,,54,,,,,
,,,,,,,,,,,,,,,,,,,,,,,,,,,,,,,,,,,,,,,,,,,,,,,,,,,,,,,,,,,,,,,,,,,,,,,56,,,,,
,,,,,,,,,,,,,,,,,,,,,,,,,,,,,,,,,,,,,,,,,,,,,,,,,,,,,,,,,,,,,,,,,,,,,,,54,,,,,
,,,,,,,,,,,,,,,,,,,,,,,,,,,,,,,,,,,,,,,,,,,,,,,,,,,,,,,,,,,,,,,,,,,,,,,63,,,,,
,,,,,,,,,,,,,,,,,,,,,,,,,,,,,,,,,,,,,,,,,,,,,,,,,,,,,,,,,,,,,,,,,,,,,,,55,,,,,
,,,,,,,,,,,,,,,,,,,,,,,,,,,,,,,,,,,,,,,,,,,,,,,,,,,,,,,,,,,,,,,,,,,,,,,61,,,,,
,,,,,,,,,,,,,,,,,,,,,,,,,,,,,,,,,,,,,,,,,,,,,,,,,,,,,,,,,,,,,,,,,,,,,,,50,,,,,
,,,,,,,,,,,,,,,,,,,,,,,,,,,,,,,,,,,,,,,,,,,,,,,,,,,,,,,,,,,,,,,,,,,,,,,43,,,,,
,,,,,,,,,,,,,,,,,,,,,,,,,,,,,,,,,,,,,,,,,,,,,,,,,,,,,,,,,,,,,,,,,,,,,,,56,,,,,
,,,,,,,,,,,,,,,,,,,,,,,,,,,,,,,,,,,,,,,,,,,,,,,,,,,,,,,,,,,,,,,,,,,,,,,53,,,,,
,,,,,,,,,,,,,,,,,,,,,,,,,,,,,,,,,,,,,,,,,,,,,,,,,,,,,,,,,,,,,,,,,,,,,,,59,,,,,
,,,,,,,,,,,,,,,,,,,,,,,,,,,,,,,,,,,,,,,,,,,,,,,,,,,,,,,,,,,,,,,,,,,,,,,53,,,,,
,,,,,,,,,,,,,,,,,,,,,,,,,,,,,,,,,,,,,,,,,,,,,,,,,,,,,,,,,,,,,,,,,,,,,,,47,,,,,
,,,,,,,,,,,,,,,,,,,,,,,,,,,,,,,,,,,,,,,,,,,,,,,,,,,,,,,,,,,,,,,,,,,,,,,60,,,,,
,,,,,,,,,,,,,,,,,,,,,,,,,,,,,,,,,,,,,,,,,,,,,,,,,,,,,,,,,,,,,,,,,,,,,,,54,,,,,
,,,,,,,,,,,,,,,,,,,,,,,,,,,,,,,,,,,,,,,,,,,,,,,,,,,,,,,,,,,,,,,,,,,,,,,51,,,,,
,,,,,,,,,,,,,,,,,,,,,,,,,,,,,,,,,,,,,,,,,,,,,,,,,,,,,,,,,,,,,,,,,,,,,,,43,,,,,
,,,,,,,,,,,,,,,,,,,,,,,,,,,,,,,,,,,,,,,,,,,,,,,,,,,,,,,,,,,,,,,,,,,,,,,53,,,,,
,,,,,,,,,,,,,,,,,,,,,,,,,,,,,,,,,,,,,,,,,,,,,,,,,,,,,,,,,,,,,,,,,,,,,,,38,,,,,
,,,,,,,,,,,,,,,,,,,,,,,,,,,,,,,,,,,,,,,,,,,,,,,,,,,,,,,,,,,,,,,,,,,,,,,65,,,,,
,,,,,,,,,,,,,,,,,,,,,,,,,,,,,,,,,,,,,,,,,,,,,,,,,,,,,,,,,,,,,,,,,,,,,,,43,,,,,
,,,,,,,,,,,,,,,,,,,,,,,,,,,,,,,,,,,,,,,,,,,,,,,,,,,,,,,,,,,,,,,,,,,,,,,56,,,,,
,,,,,,,,,,,,,,,,,,,,,,,,,,,,,,,,,,,,,,,,,,,,,,,,,,,,,,,,,,,,,,,,,,,,,,,52,,,,,
,,,,,,,,,,,,,,,,,,,,,,,,,,,,,,,,,,,,,,,,,,,,,,,,,,,,,,,,,,,,,,,,,,,,,,,42,,,,,
,,,,,,,,,,,,,,,,,,,,,,,,,,,,,,,,,,,,,,,,,,,,,,,,,,,,,,,,,,,,,,,,,,,,,,,45,,,,,
,,,,,,,,,,,,,,,,,,,,,,,,,,,,,,,,,,,,,,,,,,,,,,,,,,,,,,,,,,,,,,,,,,,,,,,46,,,,,
,,,,,,,,,,,,,,,,,,,,,,,,,,,,,,,,,,,,,,,,,,,,,,,,,,,,,,,,,,,,,,,,,,,,,,,47,,,,,
,,,,,,,,,,,,,,,,,,,,,,,,,,,,,,,,,,,,,,,,,,,,,,,,,,,,,,,,,,,,,,,,,,,,,,,34,,,,,
