Month,AMP,ABC,AME,AMGN,APH,APC,ADI,ANTM,AON,APA,AWK,AMT,AIG,AXP,AEP,AAL,AMZN,MO,AAPL,ALL,ADS,ALXN,LNT,AGN,ALB,ALK,AKAM,APD,A,AFL,AMG,AET,AES,AAP,ADBE,AYI,ATVI,CAN,ABBV,ABT,MMM,AVB,AVY,BHI,BLL,BAC,BK,BCR,BAX,BBT,BDX,AMAT,ADM,AJG,AIZ,T,ADSK,ADP,AN,AZO,BSX,BBBY,BRK.B,BBY,BIIB,BLK,HRB,BA,BWA,BXP,CHRW,BMY,AVGO,BF.B,COG,CPB,COF,CBOE,HSIC,KMX,CCL,CAT,CBG,CBS,CELG,CNC,CNP,CTL,CERN,CF,CINF,SCHW,CHTR,CHK,CVX,CMG,CB,CHD,CI,XEC
2004-01,22,64,96,43,73,47,97,64,79,51,51,100,14,76,40,88,23,62,29,82,59,31,71,49,91,100,40,79,86,64,100,89,99,38,93,68,94,83,0,100,93,100,95,42,50,42,85,69,88,56,98,91,92,82,20,44,91,35,65,31,78,49,37,37,52,49,51,93,97,82,62,91,5,74,41,93,42,100,99,51,80,87,69,57,53,24,12,13,92,34,67,100,76,19,70,16,90,69,100,19
2004-02,23,100,77,46,98,64,99,66,75,49,43,73,14,72,44,84,21,95,27,81,64,58,85,58,85,50,52,100,100,71,68,80,91,44,93,49,75,100,0,94,97,59,96,35,46,40,82,69,100,55,100,100,96,87,41,44,100,37,65,31,94,44,39,33,70,47,70,84,100,100,75,100,5,92,47,84,39,100,86,52,95,93,87,76,66,9,14,14,78,29,70,87,75,25,72,16,87,83,97,38
2004-03,15,90,88,49,87,53,100,59,75,40,41,89,14,74,44,82,20,80,25,78,58,47,85,68,52,48,47,90,91,59,44,82,95,48,88,45,66,77,0,86,94,50,92,39,45,41,90,50,86,54,97,85,93,65,31,41,91,31,57,35,78,49,100,30,64,44,42,76,85,63,65,82,2,77,37,75,38,89,90,54,67,92,72,63,53,15,11,11,82,44,85,85,74,23,74,17,77,98,89,23
2004-04,20,84,86,48,95,37,99,66,73,32,35,61,15,76,44,84,20,79,26,73,63,56,77,55,62,48,43,84,89,55,69,80,89,46,86,53,69,74,2,86,100,40,89,49,52,42,89,62,85,55,99,90,85,87,34,42,94,32,60,33,79,51,46,30,56,45,35,100,92,54,69,83,4,75,39,66,41,81,77,55,69,99,77,100,60,12,13,13,72,32,58,86,78,29,79,19,86,100,91,18
2004-05,19,91,67,39,80,39,86,64,74,50,49,38,13,75,49,84,20,64,25,79,58,42,86,47,66,41,48,85,88,59,67,73,90,49,83,56,64,71,0,85,88,72,80,40,48,40,78,58,82,49,91,93,85,63,28,39,86,35,63,36,62,53,59,32,50,45,7,83,89,52,52,77,3,96,55,51,38,76,86,54,65,95,67,99,57,25,12,11,64,20,75,66,74,29,76,15,74,78,85,24
2004-06,22,96,90,40,92,58,81,70,76,41,50,77,14,85,53,89,21,53,28,87,66,61,86,58,70,62,91,90,90,59,56,73,58,53,84,87,79,89,0,88,95,68,99,35,60,45,92,98,97,56,97,85,87,81,36,42,81,36,61,37,81,60,34,34,62,44,7,88,93,65,69,81,4,99,50,44,43,80,91,57,64,96,74,37,74,23,14,15,88,36,100,72,82,27,74,19,86,92,97,47
2004-07,20,94,100,38,100,52,82,69,77,38,58,65,15,83,51,94,22,59,29,93,60,64,88,58,76,43,53,84,89,58,74,76,64,51,84,69,87,80,0,88,92,68,86,33,65,47,82,79,91,66,99,89,85,99,48,43,82,35,63,41,100,72,35,36,61,41,8,92,89,38,58,81,4,85,52,52,45,66,85,63,64,92,73,47,47,16,15,15,73,42,44,73,82,32,77,20,82,75,95,33
2004-08,23,90,91,41,84,66,85,66,73,44,55,85,16,83,46,92,22,71,30,100,60,66,90,50,82,37,44,80,83,62,80,85,88,52,84,89,84,76,0,91,95,50,96,32,100,51,86,100,90,63,90,79,92,87,42,45,80,37,66,39,93,68,38,40,52,53,10,84,86,42,63,90,5,78,65,58,46,71,77,61,64,98,79,54,53,27,14,16,81,16,64,72,87,29,81,19,100,95,95,23
2004-09,17,77,80,38,85,64,84,62,81,45,70,80,16,77,49,84,23,74,31,83,71,32,78,46,82,37,47,92,87,63,66,77,89,46,88,59,81,78,0,87,95,39,92,35,79,47,84,73,86,58,95,76,95,65,48,41,88,35,51,35,67,52,32,35,58,42,9,83,79,38,56,78,6,79,45,71,43,86,77,57,59,100,83,94,55,22,15,11,88,28,65,60,79,32,79,15,97,77,83,21
2004-10,18,76,80,40,73,46,76,58,79,42,45,52,19,77,43,78,23,64,30,77,65,50,56,39,68,38,46,80,84,58,54,84,78,45,88,42,84,78,0,83,88,44,87,39,59,46,76,73,79,52,97,77,84,100,45,39,85,33,47,35,60,48,24,34,54,40,8,79,77,53,59,89,5,90,46,93,44,81,92,52,55,99,72,57,62,18,12,13,88,29,77,64,70,25,71,18,86,98,93,29
2004-11,19,62,67,37,75,46,78,58,78,33,42,62,14,82,43,72,27,65,31,69,47,23,71,46,72,38,38,74,83,53,51,79,81,40,86,42,76,75,0,75,88,44,94,30,53,46,75,76,72,55,89,76,83,73,37,37,84,32,45,31,64,62,27,58,67,44,8,76,70,50,55,67,6,74,23,100,44,86,93,49,49,100,63,63,61,23,11,12,83,47,67,74,68,27,64,17,78,69,85,22
2004-12,19,73,70,32,62,33,71,64,75,25,45,35,14,96,51,75,33,62,35,76,55,41,74,36,69,49,41,79,69,61,47,74,92,45,87,34,84,67,0,79,79,22,100,28,60,52,80,75,70,56,80,56,79,86,42,36,78,36,49,38,58,84,29,70,51,38,12,76,65,47,63,73,5,64,56,72,49,85,79,54,53,93,66,53,55,17,13,15,92,17,69,83,74,28,70,15,65,54,75,20
2005-01,17,81,74,41,77,42,76,68,82,40,64,43,15,80,45,92,26,69,42,77,63,62,95,46,100,61,43,84,73,66,30,89,97,43,96,49,73,74,1,76,87,50,94,36,36,50,85,76,74,58,97,72,82,66,41,35,86,37,45,35,79,51,39,40,61,50,51,94,71,55,81,79,7,64,37,87,49,78,100,60,86,94,82,52,62,15,14,14,76,24,88,71,83,21,69,19,84,78,92,100
2005-02,31,69,84,40,75,43,69,65,80,45,53,58,16,78,46,87,24,81,37,77,55,63,61,51,88,32,48,86,81,63,53,80,87,45,94,100,57,82,1,87,87,46,97,36,38,53,84,93,81,61,97,79,87,76,61,33,84,39,55,35,85,47,37,36,75,61,73,88,87,55,70,80,8,87,53,76,46,79,73,60,83,98,83,50,46,29,16,14,97,41,68,75,75,27,73,20,78,64,89,50
2005-03,25,77,72,38,80,43,73,65,83,40,44,55,18,77,45,87,24,71,34,84,48,46,77,57,78,27,43,78,81,59,58,82,93,46,91,57,54,77,1,75,86,38,93,38,44,53,85,68,79,57,91,73,86,94,47,28,83,39,44,40,76,51,69,34,100,58,43,92,85,38,61,76,4,79,22,66,45,70,82,67,65,94,85,58,59,33,14,15,90,26,74,76,77,25,78,18,77,98,83,77
2005-04,28,87,68,39,81,46,62,63,79,38,66,59,20,75,45,84,23,59,33,88,56,38,68,46,64,61,38,78,74,56,58,76,74,50,96,79,49,70,1,81,85,43,84,37,46,53,79,79,83,60,85,69,85,78,43,26,88,37,41,40,70,54,44,32,55,56,41,89,84,48,61,77,3,100,54,58,49,80,81,63,59,92,78,47,49,26,12,13,73,44,93,70,67,36,84,20,71,88,73,41
2005-05,31,63,73,36,71,39,71,58,77,28,54,98,17,78,43,87,23,55,35,84,65,52,80,50,75,26,41,74,72,59,50,78,64,51,89,46,52,75,1,71,83,41,83,40,43,54,79,59,78,60,90,75,82,83,53,24,85,35,41,40,63,57,48,34,45,60,8,80,73,53,68,68,6,90,39,50,43,73,78,64,54,90,76,53,99,31,15,14,83,31,78,62,74,26,80,19,71,93,74,46
2005-06,29,100,74,34,79,45,62,60,81,38,59,69,17,83,46,92,24,76,34,97,63,56,78,49,56,53,40,74,77,62,34,84,78,56,88,33,48,76,1,72,88,47,84,38,51,62,81,83,74,63,95,72,84,84,56,24,82,38,45,41,67,61,30,37,57,65,7,86,75,42,83,81,4,62,47,45,48,74,88,68,57,90,82,36,70,34,15,15,92,52,80,68,81,28,84,21,79,72,81,51
2005-07,28,81,70,47,74,55,62,56,80,29,70,75,17,84,45,99,25,58,34,92,61,52,95,46,59,55,41,72,77,60,52,82,92,58,85,61,52,72,1,75,85,61,84,35,89,63,86,66,77,63,96,75,79,83,60,22,76,38,48,44,68,72,31,39,41,58,9,80,89,55,80,79,6,72,26,46,50,77,90,75,62,91,86,46,69,53,17,14,82,56,70,69,81,34,86,22,76,87,78,95
2005-08,62,80,67,37,69,48,61,57,82,39,72,82,16,87,48,94,26,59,35,97,55,62,88,45,70,26,36,72,76,62,43,87,70,58,86,34,54,69,1,72,85,49,94,37,90,66,83,63,85,68,82,75,87,86,66,23,78,39,51,44,73,71,26,40,40,61,12,83,85,51,72,79,4,83,32,55,51,71,80,79,64,93,97,63,64,54,17,17,87,93,73,70,93,34,88,21,73,84,79,81
2005-09,73,76,65,43,71,52,58,60,76,55,68,57,15,80,44,87,25,54,42,98,54,48,66,41,65,24,33,86,72,56,56,81,100,50,88,70,57,70,1,72,81,39,86,37,71,60,74,75,74,61,88,57,86,44,62,20,81,35,41,39,61,53,32,37,49,60,9,78,67,55,73,65,4,80,67,68,55,78,87,63,57,95,84,73,77,27,21,14,90,37,68,65,82,38,92,23,82,74,77,50
2005-10,91,84,64,40,68,38,56,62,80,37,57,62,15,83,40,85,27,64,43,89,65,47,67,41,68,67,36,67,70,60,48,89,65,48,89,41,71,72,1,67,84,47,84,37,45,62,76,70,77,61,81,77,80,63,64,20,88,34,39,39,60,51,26,40,36,62,8,76,72,33,79,70,12,76,63,83,52,76,83,59,53,99,82,48,65,34,17,16,98,45,62,72,76,37,81,22,73,78,84,38
2005-11,75,64,60,43,58,50,55,62,80,34,65,66,14,83,42,81,31,59,41,83,43,51,79,51,52,67,36,66,68,59,55,96,55,46,85,44,95,67,1,65,84,66,88,33,41,59,78,55,71,62,87,72,81,67,64,20,87,34,35,38,56,68,30,62,40,60,9,80,60,37,77,63,17,65,48,94,50,73,83,54,47,97,87,54,61,31,17,14,83,30,48,74,75,31,73,22,74,60,89,91
2005-12,76,60,62,44,60,38,52,62,83,39,52,73,13,99,40,81,37,79,46,80,49,33,74,38,42,44,36,62,62,54,32,80,80,49,83,46,86,62,1,59,73,43,91,37,42,65,70,53,70,66,79,54,74,61,63,19,76,36,35,40,76,91,28,85,29,55,11,74,49,34,70,58,64,63,36,70,52,76,79,59,46,90,71,53,76,24,16,16,80,28,45,83,80,29,69,21,61,44,71,51
2006-01,99,82,61,50,60,54,56,68,100,40,59,69,15,83,44,90,29,64,41,89,67,33,80,42,49,19,41,69,65,60,59,100,63,46,89,48,63,68,1,72,76,56,86,43,41,61,84,66,75,66,83,68,85,74,86,21,82,40,39,39,94,55,30,47,39,71,56,71,61,36,80,60,48,50,52,82,53,81,79,66,76,90,88,46,82,47,19,16,83,21,54,89,82,42,76,36,71,78,86,63
2006-02,97,61,54,96,63,42,55,68,80,37,58,66,15,80,46,88,26,68,36,89,77,36,91,44,59,40,42,83,69,55,61,91,73,48,90,54,52,77,1,72,80,35,84,42,44,61,84,51,77,68,83,66,93,58,81,22,88,37,38,39,73,50,29,41,36,99,78,68,78,39,68,62,65,71,49,77,50,77,88,67,73,95,94,47,75,28,18,17,86,33,57,80,79,45,78,26,67,75,79,50
2006-03,100,76,63,44,67,40,55,64,82,44,52,60,14,79,46,89,26,65,35,88,51,45,78,43,67,26,38,78,70,50,36,87,71,46,86,70,45,70,1,69,81,63,82,42,36,62,88,72,81,70,83,62,90,71,75,23,87,37,44,38,73,55,55,37,49,65,47,69,66,43,87,72,61,81,42,64,48,74,88,67,67,93,85,63,67,45,17,16,79,41,59,78,76,31,81,23,67,71,75,66
2006-04,95,91,51,45,58,45,49,62,70,43,54,52,16,81,43,91,25,63,35,89,53,25,73,43,68,18,40,72,62,55,34,83,79,54,81,62,46,66,1,62,80,51,78,45,38,65,91,62,72,78,81,71,89,61,69,23,80,37,38,44,76,60,31,37,38,67,47,73,63,39,76,58,71,77,30,61,56,66,83,78,58,90,80,50,69,29,16,16,82,21,67,86,80,31,81,24,67,46,73,43
2006-05,85,72,63,40,65,48,46,64,74,37,64,71,14,80,45,92,24,52,35,88,57,39,73,46,75,17,36,68,62,55,38,84,86,50,81,54,43,64,1,67,80,45,78,50,40,64,82,61,71,74,79,77,100,52,72,25,82,36,41,41,75,62,45,37,37,62,8,72,65,28,92,57,60,67,36,54,56,71,85,74,57,91,84,51,79,31,21,16,81,49,51,73,80,32,83,24,66,58,75,45
2006-06,83,80,56,43,63,100,49,69,72,37,63,79,16,86,50,93,24,63,33,94,54,47,79,49,63,26,65,73,64,58,38,87,78,56,80,68,41,71,1,67,79,51,77,51,54,69,80,57,68,78,83,73,88,59,73,26,84,44,42,46,73,68,51,40,39,65,7,71,57,45,81,65,71,65,31,49,60,60,86,77,57,85,87,43,77,43,19,17,88,24,63,68,87,36,79,24,71,49,77,61
2006-07,82,80,51,40,68,67,44,63,72,38,75,71,17,88,48,99,26,59,34,94,58,45,72,43,61,18,41,65,60,59,48,91,83,61,82,57,44,67,1,64,77,42,77,44,64,74,82,47,66,81,79,74,79,75,73,28,81,41,41,51,73,83,31,43,39,61,9,72,73,35,83,57,66,61,38,51,66,63,87,86,62,86,85,49,68,38,17,16,88,37,44,67,91,33,86,26,64,69,77,47
2006-08,88,89,56,39,64,64,44,63,71,39,60,83,18,90,51,100,28,68,40,96,62,56,94,40,76,16,40,70,60,60,32,96,66,60,85,62,44,71,1,66,79,44,87,49,76,75,84,62,70,86,82,70,90,63,87,29,83,43,36,49,59,77,27,45,40,61,11,71,75,50,94,66,73,75,37,55,62,65,89,90,58,88,90,57,61,46,18,17,76,27,78,71,100,34,87,26,68,75,80,50
2006-09,78,70,55,38,59,72,46,59,77,31,52,52,17,84,46,87,27,58,43,81,63,40,73,34,54,15,53,66,58,56,52,85,64,54,87,69,37,71,1,63,75,32,81,50,58,70,76,53,69,76,77,72,84,67,72,27,82,37,35,43,71,61,27,43,29,62,9,69,68,30,79,71,71,70,53,80,59,67,87,74,55,91,81,73,63,36,19,16,74,42,47,66,89,36,94,24,64,61,72,36
2006-10,92,69,52,47,58,58,46,67,74,32,56,65,17,83,49,87,28,65,40,84,68,60,75,45,62,21,48,67,57,59,42,91,72,53,88,56,47,72,1,64,75,43,79,56,38,74,78,64,69,75,81,63,81,59,79,28,89,36,33,43,65,59,38,44,39,99,9,80,71,27,99,55,57,71,44,81,60,68,97,68,50,97,93,58,57,41,17,15,82,27,54,74,86,30,80,24,66,71,85,44
2006-11,82,80,50,36,59,57,48,61,78,27,47,54,16,87,46,81,33,56,42,80,47,60,63,46,54,14,41,61,59,58,28,88,78,50,86,63,52,67,0,67,73,37,82,47,37,74,71,52,68,73,80,69,80,60,70,26,86,36,31,41,66,75,37,72,33,80,10,70,62,38,78,53,59,75,21,83,57,75,80,64,52,91,98,58,58,29,16,16,64,32,50,71,83,22,76,24,61,83,81,24
2006-12,72,66,40,35,50,53,42,59,78,22,48,55,15,100,44,82,40,44,49,79,49,54,72,38,39,22,40,51,47,49,39,79,72,55,91,37,56,60,0,52,61,35,83,40,37,83,94,45,54,81,70,55,71,54,66,27,73,37,33,44,51,100,33,93,32,74,14,65,57,40,70,55,57,75,27,63,62,64,74,67,52,84,77,52,75,25,17,16,61,35,43,76,87,27,69,23,54,47,64,19
2007-01,88,72,50,48,58,50,46,68,84,34,53,59,16,87,49,91,30,67,54,90,72,55,78,48,53,43,39,74,50,59,48,96,73,49,100,74,41,69,0,74,69,39,80,51,31,81,82,53,69,82,76,62,84,65,80,32,81,45,33,43,63,61,30,53,37,75,60,68,58,31,88,58,55,59,22,75,59,67,85,76,77,85,92,48,71,29,18,16,75,30,56,81,92,30,75,25,72,72,88,38
2007-02,92,81,51,84,57,53,44,65,80,33,53,65,16,83,52,92,28,61,41,87,59,63,100,48,42,26,43,66,53,56,42,90,74,54,97,57,39,78,0,63,71,44,75,55,32,82,81,68,69,84,77,71,84,71,84,29,87,38,37,44,58,56,29,47,36,79,78,65,65,47,88,61,52,68,28,74,60,74,90,79,80,91,99,60,60,37,19,16,76,32,41,82,87,30,73,26,63,76,80,71
2007-03,96,71,48,44,58,47,44,63,75,25,49,58,16,82,49,91,26,88,38,82,49,77,74,46,45,23,38,61,53,54,34,83,70,56,95,62,35,70,0,64,71,41,74,48,33,80,80,52,63,89,76,70,90,68,71,28,91,38,30,47,60,60,54,40,34,74,46,66,64,36,75,52,57,62,37,60,58,68,86,79,70,90,95,62,77,26,18,17,62,23,60,74,80,25,78,25,58,70,79,35
2007-04,84,74,48,42,49,37,41,62,70,29,47,64,16,83,47,89,26,100,36,86,52,65,79,45,54,24,43,55,53,56,40,82,74,56,96,79,41,67,0,61,70,65,73,50,33,85,62,54,69,87,74,70,86,65,78,29,85,40,32,49,60,64,35,40,36,72,47,63,65,42,86,47,59,61,29,56,59,64,81,82,60,87,94,52,53,24,19,15,71,30,51,87,85,31,75,28,58,76,78,23
2007-05,69,61,54,37,53,48,40,60,76,31,56,52,17,82,49,86,26,46,35,86,100,56,73,45,63,26,38,55,54,56,45,81,70,56,93,58,45,70,0,63,70,47,68,49,39,80,57,57,67,83,74,59,88,75,79,30,84,37,28,50,58,64,45,39,37,74,8,66,62,32,79,52,58,59,35,46,57,58,88,80,61,85,98,53,57,30,18,17,75,37,41,75,80,34,79,27,57,68,70,20
2007-06,68,74,53,33,51,38,39,62,70,30,61,55,17,89,48,92,26,48,43,90,68,39,70,50,52,37,40,61,55,58,30,81,76,57,98,53,40,69,0,57,69,51,68,44,49,85,56,61,65,83,74,65,82,64,72,47,79,36,29,51,51,68,27,43,34,84,7,67,61,40,88,48,53,60,41,45,61,61,92,80,59,84,97,37,65,35,16,17,71,32,50,70,80,30,76,31,61,73,71,39
2007-07,74,69,56,34,50,48,40,62,74,31,67,55,17,90,48,96,28,51,41,89,55,49,69,46,62,31,40,65,51,55,32,86,65,62,94,73,41,72,0,62,70,44,68,42,64,87,66,50,70,86,70,62,82,56,84,55,75,38,31,53,63,80,30,45,34,82,9,93,64,38,79,43,57,64,34,47,65,70,90,87,64,85,96,46,61,38,17,15,71,39,57,78,85,33,83,29,57,57,77,57
2007-08,75,73,52,38,50,42,39,65,69,27,73,59,18,87,50,88,28,46,41,90,54,56,80,49,54,10,38,62,50,57,36,87,73,60,91,81,39,74,0,61,71,47,72,46,70,87,59,52,63,83,73,70,85,80,85,58,75,40,32,53,56,74,38,48,36,82,10,63,60,38,86,42,57,61,46,50,64,77,82,84,59,84,100,52,55,39,19,17,74,39,59,72,87,38,82,29,61,64,76,39
2007-09,65,61,48,31,50,41,38,60,72,28,56,56,17,82,46,79,28,40,53,79,41,54,63,46,57,48,37,61,46,52,29,77,67,54,92,65,37,68,0,58,67,41,67,44,59,79,53,58,62,79,68,60,86,53,74,58,79,35,27,50,48,59,32,46,32,71,9,59,58,38,77,42,48,57,41,67,59,58,86,73,55,85,98,64,58,47,17,15,66,36,42,65,78,34,79,26,56,68,70,34
2007-10,70,72,50,33,50,44,43,66,74,31,55,57,18,83,52,78,29,44,47,80,50,51,67,48,46,26,41,64,50,54,32,88,78,53,92,74,46,69,0,60,68,43,69,50,44,77,61,54,62,76,73,67,86,60,79,58,85,39,25,46,52,52,33,44,48,80,9,61,64,34,82,46,58,53,51,82,59,64,91,70,53,90,99,57,65,30,16,15,70,35,47,74,70,33,82,28,55,54,79,38
2007-11,60,61,49,24,46,37,40,61,91,30,52,50,17,86,47,76,36,42,50,79,55,39,65,44,45,17,35,58,47,53,37,86,67,50,94,75,72,64,0,55,67,34,70,43,33,79,54,39,61,80,75,65,81,57,71,60,82,36,27,48,47,75,37,76,33,79,10,57,60,35,85,40,49,55,35,85,61,67,88,69,50,90,90,56,77,25,16,15,68,37,42,74,76,31,77,26,54,63,81,21
2007-12,57,52,35,22,35,37,35,60,75,23,42,47,15,96,48,74,44,40,53,74,49,27,79,38,33,23,30,52,38,47,32,74,57,54,88,52,100,55,0,47,57,29,70,37,35,86,53,34,48,84,72,54,73,55,66,69,71,38,24,51,38,97,44,100,28,81,17,52,53,29,67,38,41,50,30,67,63,61,79,74,51,83,76,51,72,27,17,16,49,43,43,73,78,25,71,26,45,46,71,39
2008-01,67,74,51,30,47,38,38,70,78,33,59,53,18,86,49,81,32,53,51,85,93,47,74,54,52,24,35,62,44,57,40,98,73,51,94,68,65,61,0,57,66,42,69,42,32,85,61,47,65,86,79,64,80,57,84,68,74,45,26,51,46,57,41,55,30,90,61,59,64,29,85,43,47,52,33,73,62,68,93,80,80,85,93,48,70,30,17,17,74,50,42,87,80,41,81,30,51,63,83,41
2008-02,70,60,43,64,47,37,36,67,73,33,46,53,20,83,50,80,29,55,46,79,63,38,76,55,63,25,34,58,46,54,31,86,77,53,97,57,52,75,0,59,65,41,66,45,31,86,65,52,70,89,83,59,86,62,78,70,80,42,27,51,49,52,43,50,31,88,80,59,60,39,93,41,47,60,45,72,63,62,84,86,79,90,100,55,59,32,19,18,65,48,44,75,77,40,77,29,55,58,76,42
2008-03,69,62,48,27,45,46,37,61,68,28,50,44,18,82,47,81,29,82,44,78,60,36,68,49,48,15,35,53,45,52,27,79,60,61,93,57,49,59,0,54,65,39,60,43,30,83,62,50,68,84,80,58,89,54,70,66,76,39,25,51,45,57,77,45,28,86,47,61,60,46,86,37,43,59,48,60,63,60,84,85,68,84,92,66,62,48,17,17,60,35,32,77,73,42,79,26,49,57,68,29
2008-04,69,63,45,26,48,36,33,67,69,33,71,57,18,82,48,86,28,87,40,82,63,40,79,50,50,23,34,61,45,53,32,81,76,58,92,57,41,61,0,61,68,41,64,45,35,86,69,51,68,87,79,60,88,57,72,68,82,38,28,51,48,59,42,41,30,89,46,57,61,45,86,42,50,53,64,63,66,58,93,86,62,89,96,55,59,37,17,18,64,51,39,80,71,50,98,30,49,64,70,35
2008-05,57,59,49,21,41,48,33,66,62,35,63,49,19,84,46,80,27,43,39,81,53,30,67,47,53,26,32,57,42,54,28,75,72,56,90,62,39,57,0,53,65,39,59,47,41,88,61,39,58,90,76,52,81,67,71,74,75,35,26,52,48,65,56,45,27,93,16,51,54,47,92,38,44,53,65,51,67,57,83,89,60,85,85,51,67,30,16,15,53,47,50,68,70,53,87,29,49,59,64,53
2008-06,57,55,46,21,44,40,32,68,66,49,54,47,19,84,51,79,28,33,46,80,47,48,89,48,48,19,33,59,45,55,22,80,77,58,89,68,45,58,0,53,65,42,60,48,48,88,81,45,58,90,78,59,84,59,78,84,73,37,25,55,47,64,29,48,30,89,9,53,62,46,86,38,48,52,100,43,67,59,83,92,60,82,95,38,53,28,18,16,63,45,54,65,74,55,89,29,51,62,66,43
2008-07,58,74,50,25,45,43,33,69,65,35,66,50,20,90,52,79,29,33,49,84,57,35,77,48,51,8,30,59,47,58,40,84,84,57,94,58,47,59,0,58,67,49,62,50,66,95,72,51,59,96,81,57,81,57,85,100,71,40,33,57,49,72,31,48,29,94,10,55,57,29,97,37,53,52,71,42,72,59,87,90,61,82,96,41,75,32,17,18,64,47,59,73,76,73,91,30,55,52,69,33
2008-08,56,53,41,22,40,43,31,77,63,33,58,50,19,87,50,75,30,27,44,81,49,32,73,44,40,7,30,51,40,58,39,79,81,59,90,52,42,53,0,51,64,55,66,47,83,95,60,43,53,94,77,53,79,56,88,92,67,39,23,57,46,67,26,50,30,83,10,52,61,32,82,35,46,48,68,46,73,58,77,84,58,81,89,48,60,26,19,18,64,41,48,63,81,60,89,27,50,58,66,41
2008-09,73,57,45,25,40,39,34,74,65,30,54,52,100,83,77,67,30,44,50,81,45,38,71,48,45,10,32,56,41,72,29,78,76,51,96,51,41,58,0,58,66,46,59,50,69,100,100,46,58,96,83,56,85,61,89,81,76,36,21,51,45,51,57,46,27,98,10,57,56,36,87,37,51,46,69,71,69,67,84,72,46,89,86,67,67,30,100,17,63,47,46,90,75,67,87,25,50,69,64,36
2008-10,71,62,47,25,40,44,32,80,69,32,51,45,53,82,51,63,30,44,47,75,47,39,81,44,46,6,28,59,42,61,30,85,82,50,98,75,48,55,0,57,66,36,58,54,52,91,80,51,60,93,80,55,83,59,100,76,79,36,24,50,53,46,79,43,31,100,11,52,60,40,97,36,47,57,66,85,69,89,83,66,41,91,88,62,64,33,19,20,67,63,44,97,71,100,84,29,48,68,68,37
2008-11,48,52,45,22,37,34,30,68,64,28,61,41,29,80,46,60,37,41,45,68,36,38,69,38,39,10,32,48,38,55,33,80,61,49,100,52,68,48,0,51,61,31,57,46,38,85,56,47,53,80,78,50,83,48,79,80,72,34,22,50,41,62,47,72,28,80,12,45,52,24,76,29,44,47,52,88,67,56,78,64,41,85,78,55,68,27,16,17,53,34,30,67,67,55,79,25,43,59,66,35
2008-12,47,58,37,22,32,32,29,68,61,24,49,45,22,93,48,64,47,43,50,71,35,31,66,40,29,13,32,45,36,53,21,78,62,52,94,46,61,42,0,43,57,40,67,36,34,95,51,45,45,88,73,41,74,47,83,87,63,38,22,55,43,83,31,94,23,77,18,39,41,26,79,30,40,52,26,73,78,55,75,69,44,84,71,49,52,23,17,19,52,21,44,71,75,47,76,23,39,54,58,32
2009-01,56,55,43,31,34,38,28,79,66,26,51,46,20,82,55,68,35,38,43,83,41,42,73,47,44,15,35,49,35,61,26,90,64,52,96,61,59,49,0,54,60,37,54,45,36,91,60,46,55,90,78,47,81,53,97,81,72,49,20,52,50,50,29,55,27,72,67,45,56,31,86,30,41,48,45,78,72,49,91,79,65,89,78,45,68,29,19,19,59,68,44,68,77,47,79,28,44,60,68,30
2009-02,53,67,42,100,40,37,31,75,61,25,48,57,23,77,52,64,31,38,38,79,38,45,78,49,38,19,35,52,40,62,20,82,61,53,93,61,47,59,0,52,63,35,53,43,32,91,62,62,61,88,82,50,81,56,96,78,71,41,20,54,49,44,44,46,30,73,83,43,55,43,93,35,50,46,45,72,70,56,87,79,68,83,81,45,58,37,18,18,64,92,44,69,75,45,77,28,45,68,61,40
2009-03,56,61,42,25,40,32,30,73,62,25,45,63,57,76,46,65,31,40,41,77,32,44,75,49,39,11,35,51,39,60,25,79,70,60,93,66,44,45,0,53,65,33,50,43,34,92,62,52,67,85,80,42,88,66,91,74,73,37,22,58,50,48,61,40,26,82,44,41,54,27,91,34,42,46,49,80,68,55,83,74,66,80,78,54,67,43,17,18,63,100,41,81,68,39,73,27,46,66,59,32
2009-04,53,66,44,25,37,34,29,72,57,24,47,58,28,74,44,61,29,37,38,77,33,43,68,51,36,18,36,46,39,61,33,74,64,56,82,57,40,41,0,54,71,42,51,42,32,92,57,48,63,90,76,40,80,54,86,77,76,36,24,57,48,50,28,39,29,71,41,41,54,28,90,33,40,54,58,74,68,52,80,78,64,82,76,48,68,37,16,18,57,74,47,82,70,38,70,29,43,62,58,37
2009-05,44,49,40,21,34,43,29,62,53,26,48,48,23,72,43,59,29,29,37,70,28,42,65,42,36,11,34,43,36,54,23,68,70,49,79,48,38,39,0,47,65,28,44,41,35,85,50,44,56,85,72,37,80,45,82,75,71,33,23,55,42,48,33,40,23,75,8,38,47,23,72,30,39,36,48,60,69,48,85,77,54,75,63,45,52,33,16,19,55,54,36,73,71,38,72,26,38,61,51,37
2009-06,48,57,42,21,35,32,27,66,84,24,55,42,19,76,47,65,30,29,47,76,36,37,61,42,35,14,32,46,38,60,18,74,62,47,77,47,50,39,0,49,64,23,45,42,49,88,52,54,60,81,76,37,79,52,87,88,67,35,20,57,50,48,19,44,25,99,7,51,50,32,90,32,40,39,55,46,70,50,85,72,54,74,70,33,54,35,16,19,50,68,50,73,74,42,73,25,42,65,59,21
2009-07,51,53,42,22,36,28,27,70,57,22,46,52,22,80,44,66,31,27,40,75,32,34,68,42,35,5,35,42,39,63,24,78,70,55,76,55,41,41,0,48,64,27,44,42,72,95,55,51,58,84,79,42,75,51,100,86,62,35,21,57,46,62,19,42,25,77,9,42,41,35,93,34,45,37,54,45,71,48,86,76,57,74,72,37,61,31,16,20,54,52,48,77,74,37,81,27,41,63,64,32
2009-08,53,52,40,21,32,33,26,70,55,25,54,61,22,80,44,62,32,27,43,74,32,33,71,39,34,5,38,42,35,71,19,80,73,58,77,55,43,40,0,47,64,37,45,46,85,98,51,43,59,91,75,40,78,47,99,87,63,36,23,59,43,62,23,47,21,76,9,41,47,23,81,30,51,37,40,51,71,41,80,77,56,78,67,40,52,33,17,21,54,63,44,84,80,38,76,27,37,63,65,36
2009-09,51,44,40,21,37,36,28,68,62,23,46,57,19,77,45,63,32,28,46,67,27,44,65,39,39,15,33,46,35,64,21,79,70,53,78,57,38,43,0,56,62,27,45,50,69,93,50,46,62,79,74,46,88,52,87,80,71,34,16,54,42,49,19,42,25,78,8,38,48,27,74,33,40,43,65,62,66,42,87,62,46,79,69,58,54,34,16,20,64,48,40,80,73,39,77,25,37,58,64,21
2009-10,48,48,37,23,34,30,30,71,56,24,50,51,14,72,45,60,32,29,43,65,27,38,64,38,34,17,36,41,35,63,23,81,63,52,77,73,37,42,0,50,61,31,41,45,45,85,53,47,68,68,77,39,80,48,80,73,73,33,16,51,43,45,23,41,23,78,8,38,45,22,71,31,36,42,70,77,58,45,84,55,40,80,73,48,48,30,16,21,59,48,36,69,61,38,70,35,38,57,67,33
2009-11,42,46,37,20,32,28,28,67,57,20,43,45,13,74,43,55,41,27,44,61,28,33,53,36,33,12,37,39,35,60,27,77,63,48,76,52,65,45,0,48,58,25,41,41,37,80,47,47,79,63,73,47,74,42,74,71,69,33,17,49,40,61,44,69,21,75,9,36,46,14,68,33,34,39,53,89,56,43,80,55,38,81,69,44,48,20,15,26,51,82,39,63,60,34,63,27,36,52,65,15
2009-12,46,40,30,17,29,26,25,64,51,23,44,43,11,82,51,57,50,27,48,61,22,30,59,32,29,12,35,34,29,57,25,71,56,50,71,49,43,58,0,42,53,23,45,37,31,89,47,36,45,69,72,36,65,43,80,75,61,37,16,52,31,81,21,82,17,75,15,48,38,16,61,30,31,38,45,74,62,41,73,56,37,80,58,41,55,23,17,30,46,48,40,68,63,32,68,25,31,44,57,20
2010-01,45,47,37,21,30,30,26,70,56,24,52,48,11,76,48,59,37,32,61,68,29,35,74,37,32,13,37,40,31,63,23,80,55,52,77,65,38,51,0,47,57,25,38,46,28,90,54,43,46,68,70,38,70,48,84,72,66,47,16,51,38,51,46,47,20,84,52,38,42,34,67,29,33,41,46,81,61,40,80,63,59,78,69,38,50,30,18,34,54,46,43,72,65,43,69,31,34,54,68,30
2010-02,52,46,36,23,33,36,26,77,54,26,49,58,11,73,49,58,33,37,42,65,31,31,69,38,31,9,39,60,34,63,29,72,65,52,75,51,33,59,0,47,57,27,38,47,29,86,57,45,46,69,71,37,75,50,82,67,71,38,17,50,46,44,42,42,24,84,61,38,48,25,73,29,35,46,55,77,59,42,82,68,65,83,70,49,52,24,18,33,54,58,43,68,60,37,63,29,36,64,61,30
2010-03,52,54,37,20,33,31,26,71,55,28,52,55,11,73,49,57,32,37,39,66,28,40,68,37,30,17,39,47,34,60,24,73,68,57,74,59,39,54,0,52,62,29,39,51,27,84,56,47,47,68,68,41,79,55,79,64,73,36,16,52,48,47,44,38,23,85,35,38,50,24,68,30,38,44,61,64,59,47,87,63,51,79,68,48,53,27,18,32,56,98,48,74,59,45,66,31,35,50,62,43
2010-04,51,52,36,22,34,34,25,66,54,38,48,53,10,72,48,56,31,35,47,66,28,34,65,38,33,20,39,44,33,59,25,68,70,59,82,58,37,53,0,48,62,30,38,49,30,86,55,52,47,70,67,40,75,55,68,62,78,43,18,53,43,49,32,37,23,76,33,39,51,22,74,30,39,45,62,62,58,47,79,65,47,79,69,40,54,30,18,37,52,67,47,79,58,37,66,31,36,54,60,32
2010-05,42,42,36,60,29,40,24,63,54,28,44,51,8,70,47,55,31,31,44,64,21,28,54,35,29,13,40,38,33,53,26,60,63,58,76,45,35,57,0,47,60,21,36,55,35,77,49,42,46,67,68,35,74,49,66,64,70,33,17,53,36,51,30,37,22,75,7,37,49,21,73,25,36,35,46,55,55,57,82,63,44,78,63,37,50,27,18,33,49,40,44,64,55,35,65,32,34,46,54,37
2010-06,45,58,34,21,34,99,22,70,55,27,56,51,8,72,50,56,31,28,60,79,30,33,59,36,33,9,44,43,35,59,17,66,60,60,75,55,39,56,0,48,62,31,37,51,56,78,48,45,44,80,68,38,75,56,69,88,65,35,18,54,37,46,18,40,21,75,7,38,48,17,80,29,40,38,44,51,60,74,84,64,46,76,64,25,67,31,18,35,53,43,50,61,62,40,70,32,37,50,60,35
2010-07,45,61,32,17,30,58,21,64,78,58,57,55,8,74,48,59,33,28,54,85,30,37,59,42,31,4,40,41,31,56,32,65,67,69,71,65,35,56,0,47,59,27,37,47,72,85,51,40,43,88,66,40,70,50,70,89,60,40,21,67,36,55,18,44,23,73,8,40,49,21,88,27,34,38,62,46,63,47,77,74,47,73,62,29,67,28,18,38,52,40,44,59,64,40,67,39,36,37,59,28
2010-08,45,51,34,15,31,46,21,67,67,30,55,58,7,74,50,57,35,25,48,83,27,39,64,38,31,10,42,40,30,60,22,67,71,70,73,52,33,53,0,46,60,27,41,51,82,86,49,41,41,89,64,34,74,52,68,85,60,38,20,67,36,53,20,44,23,79,9,37,48,18,85,25,34,37,42,45,66,47,73,74,47,82,63,33,63,34,19,39,50,49,39,56,65,40,69,39,34,43,62,40
2010-09,44,52,32,17,30,43,23,66,60,100,50,45,7,73,49,57,37,30,56,85,24,36,60,41,34,19,45,44,31,61,23,66,57,68,78,55,31,54,0,57,59,29,45,45,66,85,51,37,40,86,62,33,76,47,66,79,70,37,20,62,37,45,22,46,24,77,8,39,46,18,84,26,32,43,57,55,68,45,83,84,41,80,65,50,55,24,17,38,57,36,35,61,62,38,65,36,33,45,62,39
2010-10,43,53,32,18,29,36,22,64,59,27,49,55,7,72,47,55,38,34,51,81,25,38,64,38,39,27,45,40,32,59,22,68,61,67,79,57,32,53,0,46,59,27,42,44,45,87,50,37,41,87,62,31,71,50,62,74,75,38,19,62,36,41,22,44,22,85,8,36,45,25,88,24,28,39,56,66,70,45,80,83,37,81,66,45,59,27,17,36,54,37,36,64,59,39,66,40,33,50,63,27
2010-11,41,41,33,17,29,39,20,66,55,33,52,57,7,76,45,54,49,31,57,79,26,36,63,39,40,14,45,38,31,58,16,70,60,65,75,51,52,51,0,42,58,24,45,41,39,87,48,34,41,85,61,33,70,49,58,75,71,37,17,61,37,61,20,77,27,79,11,39,47,18,88,24,31,35,50,97,74,43,84,81,51,85,66,43,51,29,18,35,53,50,34,60,59,43,64,40,34,43,66,27
2010-12,45,42,26,15,24,36,18,63,52,24,49,49,7,82,46,59,59,27,56,78,20,28,62,33,32,4,43,34,27,53,15,65,54,70,72,45,40,50,0,40,51,23,49,40,37,94,46,38,35,92,54,30,65,47,54,79,59,46,18,65,28,78,18,89,19,91,20,34,46,17,84,20,28,40,55,73,80,42,72,82,34,83,53,42,52,27,19,38,48,30,40,65,64,41,74,40,31,39,56,32
2011-01,47,47,30,19,25,46,20,71,55,30,52,49,8,76,47,62,45,29,50,82,23,32,67,39,35,23,44,37,29,62,21,72,58,65,72,55,37,55,0,48,55,28,45,47,31,87,51,43,44,87,56,30,71,52,59,75,66,53,19,62,35,47,19,54,21,88,68,39,49,28,88,23,28,38,48,84,75,43,83,88,55,76,62,40,60,33,18,38,53,37,38,68,62,47,68,42,32,50,64,24
2011-02,49,50,33,19,28,40,19,76,53,31,51,76,7,72,56,61,42,30,48,80,20,49,65,40,34,10,46,41,31,61,24,70,64,72,75,51,39,59,0,45,57,25,45,50,31,85,52,38,41,89,57,32,76,55,58,75,69,42,21,64,34,42,30,52,22,84,81,45,52,19,83,25,30,41,45,69,74,49,83,93,63,78,70,43,60,36,22,38,57,54,32,67,59,54,73,49,32,48,61,40
2011-03,49,53,34,19,30,36,18,64,53,26,52,58,6,73,46,61,40,29,58,78,25,47,65,42,48,14,48,37,33,100,23,65,57,74,76,59,28,52,0,44,60,26,43,48,30,86,52,40,42,88,55,35,75,56,58,82,73,39,21,64,34,46,41,49,25,79,40,40,51,23,81,25,33,46,52,55,75,42,83,85,70,79,66,49,59,33,18,38,61,50,41,65,57,46,73,58,34,49,63,34
2011-04,49,50,34,19,27,37,18,62,51,30,50,59,6,73,46,59,40,30,50,77,35,45,73,41,36,8,47,36,31,76,25,59,64,78,74,57,26,51,0,41,59,31,39,49,33,87,51,40,41,90,52,33,72,53,56,73,75,40,21,67,31,46,30,46,28,76,39,40,50,20,90,23,29,37,58,55,78,40,78,85,58,79,65,38,57,33,19,41,57,46,43,68,57,51,73,50,33,42,57,36
2011-05,39,48,33,49,26,34,17,60,54,21,52,51,6,72,45,59,40,24,49,78,23,47,57,37,38,8,43,36,31,61,18,56,58,76,73,63,32,49,0,42,59,25,42,48,34,85,44,42,38,86,51,41,71,50,53,72,70,38,19,64,31,48,23,46,24,73,8,36,49,18,88,23,31,33,48,48,76,36,81,84,59,75,61,37,54,34,19,37,55,41,39,53,55,49,70,47,32,40,56,33
2011-06,42,51,31,17,25,33,17,63,50,23,54,55,5,78,49,59,42,27,53,81,23,54,69,35,38,10,42,37,30,63,21,59,56,82,73,54,30,51,0,41,59,34,42,47,47,93,46,39,40,91,54,31,70,55,60,78,68,40,18,69,31,50,17,47,23,78,7,43,48,22,93,24,32,39,54,40,85,34,83,93,59,77,66,25,56,32,19,45,59,45,46,54,58,55,74,48,35,41,60,34
2011-07,43,46,32,15,24,36,17,62,48,24,57,58,5,78,51,60,44,25,53,83,25,39,75,32,39,11,41,38,28,60,20,57,58,86,69,52,25,51,0,41,57,29,40,51,75,96,45,36,37,92,54,31,68,50,59,76,60,42,20,77,32,58,17,50,22,74,8,42,49,25,87,22,27,39,61,39,88,36,79,100,62,77,63,29,51,36,19,47,61,41,46,58,61,60,70,50,33,35,59,45
2011-08,46,48,30,15,24,39,15,63,46,28,63,67,5,78,47,59,46,23,53,87,27,36,63,36,39,6,41,36,29,65,15,61,54,82,70,49,26,54,0,41,59,29,44,56,77,100,49,36,37,94,53,31,70,57,62,77,65,41,19,74,30,55,30,55,22,74,9,41,46,16,92,22,30,41,52,44,86,49,76,91,58,80,58,35,50,36,20,63,61,48,47,65,63,63,70,48,34,40,59,43
2011-09,38,48,30,14,25,39,17,63,51,28,55,56,4,76,46,56,46,26,52,80,25,37,67,34,40,7,39,36,29,67,19,58,60,79,74,53,23,56,0,41,58,28,43,56,62,96,44,38,38,92,53,30,68,53,56,71,74,39,19,71,30,47,25,50,24,69,7,45,45,17,91,23,27,43,41,54,83,38,80,84,44,83,61,56,54,41,19,77,64,47,40,54,60,58,71,45,33,49,59,36
2011-10,43,46,28,16,23,43,16,65,48,24,46,44,4,74,43,55,47,28,100,80,24,37,67,35,38,19,41,37,27,63,21,61,57,76,77,48,22,49,0,47,55,26,42,59,46,94,44,38,38,89,52,24,67,51,52,87,74,37,17,67,30,42,21,50,24,68,8,39,45,22,89,22,27,39,56,64,82,37,77,82,45,86,62,49,56,33,19,77,62,36,35,62,56,54,69,47,31,40,64,26
2011-11,37,45,31,16,24,46,16,63,45,25,44,41,4,77,42,57,59,25,63,76,20,30,58,34,35,13,100,33,27,61,17,62,55,75,74,48,41,47,0,43,56,22,42,62,37,89,41,34,37,88,51,28,64,48,53,74,74,40,18,65,28,61,21,93,21,65,12,43,42,15,83,22,27,36,41,77,84,35,80,79,41,86,63,49,50,32,18,81,52,46,38,54,57,55,78,43,32,42,63,29
2011-12,40,44,25,14,21,37,14,57,41,19,46,44,4,81,39,56,71,22,64,68,20,34,66,34,28,11,58,29,23,55,13,55,47,79,72,40,30,41,0,37,50,24,46,54,37,92,39,31,32,94,49,26,58,46,48,75,61,43,15,67,26,77,17,91,19,55,16,36,37,13,87,19,22,34,46,56,89,31,74,85,42,83,52,41,45,31,19,85,48,37,37,56,59,52,83,46,28,37,54,29
2012-01,44,53,30,17,23,45,14,70,45,25,50,59,4,77,42,58,56,25,55,78,26,48,68,46,32,17,55,36,25,63,16,64,55,82,72,47,28,46,0,43,55,23,42,63,37,85,44,36,37,94,50,27,62,53,55,68,69,58,19,68,27,48,18,59,21,68,75,39,44,20,92,25,24,36,74,65,86,34,80,93,78,85,62,40,57,34,19,86,55,40,39,59,60,65,75,49,32,48,66,31
2012-02,49,57,31,18,24,43,15,64,46,28,52,50,4,73,45,54,51,27,51,75,24,46,69,40,38,16,50,35,28,60,16,60,62,81,68,54,27,53,0,43,57,27,40,67,38,82,47,36,38,97,50,27,61,51,51,68,71,46,19,70,31,44,32,53,24,69,87,38,45,20,97,24,28,40,64,53,85,36,80,99,63,88,66,40,53,42,19,86,62,53,41,63,56,61,71,52,32,47,62,41
2012-03,45,55,29,16,23,42,14,61,42,25,48,47,4,73,41,55,50,23,65,74,24,47,64,41,35,15,48,33,28,54,13,57,56,82,69,49,24,46,5,43,57,27,35,64,36,80,47,34,37,90,47,26,65,57,50,66,76,43,23,72,28,45,25,47,23,67,38,35,45,18,86,22,29,40,60,42,83,39,82,88,51,82,61,43,51,35,18,81,58,43,37,58,53,57,73,48,29,44,58,33
2012-04,42,55,27,17,22,40,12,57,40,24,50,56,4,71,41,53,48,25,48,72,23,49,62,38,31,16,45,35,26,55,15,54,51,75,61,44,24,43,2,41,58,29,29,57,39,77,44,33,38,93,44,23,62,57,49,65,75,43,18,71,29,47,24,38,21,62,37,36,45,15,90,20,27,37,57,37,84,33,77,75,45,81,57,34,58,38,17,76,63,42,39,53,51,65,77,50,29,48,56,24
2012-05,36,50,30,38,22,42,12,54,40,27,53,53,4,72,43,52,47,24,45,70,25,44,57,37,29,11,45,32,27,53,19,52,56,73,59,53,27,44,2,41,59,26,29,58,44,76,39,35,36,91,44,26,62,54,51,65,70,41,19,70,27,48,29,37,20,65,8,35,44,15,91,20,27,35,43,37,80,33,76,73,43,80,59,32,54,41,17,79,62,45,38,48,50,85,76,51,29,41,53,28
2012-06,38,56,28,15,21,41,12,56,38,28,57,45,4,71,70,54,48,31,52,72,27,50,62,34,30,5,44,33,27,57,16,55,51,80,58,53,24,44,4,40,59,22,28,55,57,79,39,33,33,93,46,27,59,55,52,72,65,44,19,75,26,51,17,40,19,63,7,35,45,15,90,21,23,38,52,31,85,30,76,77,46,80,57,22,61,39,19,85,63,42,41,46,54,66,75,53,29,43,56,27
2012-07,39,46,28,14,21,42,11,59,43,26,68,49,4,74,100,54,50,30,49,75,27,46,74,35,26,5,44,36,26,56,18,57,52,83,56,58,26,43,4,40,59,24,27,55,73,84,39,36,35,92,45,23,59,57,57,73,61,46,20,80,27,57,16,41,19,62,8,35,45,19,96,20,27,40,47,30,85,29,75,83,46,78,58,25,51,41,17,88,65,36,41,46,60,46,81,57,29,38,56,31
2012-08,40,55,27,14,22,44,11,61,43,26,57,52,4,75,48,53,52,28,51,76,26,48,72,38,33,10,46,32,26,57,14,62,47,79,57,58,23,43,4,39,59,20,30,57,79,87,39,36,36,98,44,23,62,58,61,72,64,49,19,79,27,55,16,42,20,60,8,33,44,16,93,21,26,35,40,31,88,30,76,81,46,79,57,28,49,41,17,93,63,47,41,47,60,45,92,54,30,51,58,28
2012-09,39,47,27,14,21,44,11,55,48,27,52,49,4,74,43,51,54,27,90,71,26,62,65,33,27,13,46,31,25,54,19,56,45,78,58,48,20,46,7,40,56,24,28,58,69,86,35,32,36,91,43,21,61,57,56,92,71,50,18,76,27,47,17,42,21,64,7,33,45,13,94,19,25,35,34,46,84,30,76,75,39,81,55,43,51,40,15,88,60,36,38,47,57,41,77,49,27,37,56,30
2012-10,41,41,28,15,22,37,12,58,46,26,54,45,4,73,49,50,56,24,67,71,24,57,62,35,28,11,50,34,26,56,15,61,51,75,56,65,21,43,9,44,57,22,28,56,47,81,36,35,35,100,42,24,60,57,60,76,75,50,16,74,27,40,17,40,20,66,8,32,45,17,100,19,24,36,40,54,88,29,76,68,38,84,58,45,63,34,16,83,63,40,37,44,53,36,77,56,28,39,61,20
2012-11,34,41,24,13,19,35,11,54,41,23,52,46,4,75,41,46,71,21,64,68,24,45,57,32,25,16,43,29,24,55,16,57,46,73,54,55,44,39,10,38,55,27,27,49,44,77,33,26,36,93,41,20,56,52,51,74,71,47,15,72,26,59,19,77,17,59,12,32,39,14,89,17,24,34,31,58,82,28,76,65,34,80,57,41,58,31,16,81,56,61,32,42,50,30,74,49,27,39,57,22
2012-12,38,34,22,11,16,33,10,52,37,19,47,39,4,76,40,46,82,19,61,61,24,33,63,28,22,7,42,22,20,50,10,51,44,70,51,44,31,38,14,35,48,21,29,41,41,83,31,23,31,97,38,18,50,45,45,74,56,47,16,74,20,77,18,75,16,54,13,29,36,11,87,15,19,32,32,42,85,25,67,67,35,79,45,38,46,30,18,83,48,40,35,44,51,30,68,48,23,31,51,23
2013-01,43,45,25,17,20,41,10,64,44,25,54,48,6,74,44,52,63,22,52,73,27,43,61,36,24,11,44,28,24,61,17,66,46,71,61,54,31,42,67,43,55,26,27,55,40,78,38,33,36,99,43,23,58,52,54,66,65,70,17,73,26,47,20,43,23,68,62,45,40,15,96,19,22,33,49,51,86,29,80,76,54,78,55,33,68,34,18,89,60,41,39,52,54,39,80,55,27,43,64,32
2013-02,44,45,28,17,19,39,11,58,43,29,53,49,5,72,41,52,59,26,47,74,29,45,62,38,30,15,45,29,25,59,19,58,52,77,61,70,32,52,45,38,56,30,28,56,37,82,39,34,34,98,43,25,60,55,53,63,70,56,38,73,29,43,28,40,23,68,100,34,41,16,94,18,21,31,54,50,86,30,78,82,100,80,59,42,73,39,17,86,64,55,39,52,53,39,81,55,27,45,59,27
2013-03,48,53,24,16,20,40,11,53,41,24,47,52,5,71,38,50,57,25,44,72,24,47,53,36,26,11,42,26,23,55,13,55,49,79,55,59,26,43,43,36,56,31,27,55,41,76,52,29,34,96,41,22,56,51,53,61,70,53,40,75,25,46,32,37,25,67,48,32,40,21,87,18,21,33,44,40,86,29,75,77,62,78,56,39,71,36,16,81,66,45,39,51,52,34,83,55,25,39,53,26
2013-04,45,52,24,16,21,43,10,55,43,25,50,47,5,73,41,49,55,23,42,70,31,51,65,36,28,14,43,30,24,55,12,55,54,76,53,69,22,42,48,36,59,28,27,56,46,74,39,32,35,95,41,23,59,54,55,61,75,51,39,74,28,45,22,32,25,66,38,33,42,22,91,19,25,33,43,34,84,36,80,73,49,81,56,34,81,42,17,81,65,52,36,54,47,33,83,57,28,42,55,35
2013-05,40,48,24,33,19,41,10,52,41,23,54,48,5,73,41,48,54,21,40,68,26,58,60,36,22,12,42,27,24,52,15,52,44,78,51,59,22,40,46,34,59,32,25,58,46,74,34,34,34,88,41,27,55,56,55,62,69,49,54,76,27,46,33,33,22,72,9,33,44,18,86,18,22,32,47,29,82,27,87,73,42,78,55,28,70,34,18,85,65,47,41,50,49,35,86,60,26,37,54,34
2013-06,35,49,24,13,20,35,10,50,40,22,50,43,5,74,48,50,55,20,47,70,24,46,62,33,27,10,40,24,24,50,15,50,45,82,47,59,18,41,45,33,60,28,23,53,58,73,33,34,32,86,40,20,56,55,56,64,63,50,67,81,23,48,19,35,20,65,7,32,44,19,82,17,21,35,38,26,82,27,77,73,38,75,52,21,69,37,18,84,67,98,38,45,49,26,88,60,27,31,52,31
2013-07,41,52,24,14,21,38,9,52,41,26,54,59,5,77,49,50,56,21,42,74,28,85,64,35,23,15,42,31,24,55,12,53,47,86,46,63,19,44,51,33,58,28,24,62,74,75,35,34,34,89,41,22,55,54,62,67,61,53,76,83,26,54,20,36,21,71,9,40,42,14,87,19,22,33,56,25,90,25,75,77,41,76,57,26,76,46,19,90,72,55,38,49,51,29,99,68,26,36,55,37
2013-08,38,49,25,15,18,44,9,54,39,24,55,53,5,76,43,48,59,22,44,73,31,59,65,33,23,8,40,28,22,59,13,55,42,84,44,59,18,43,47,40,55,29,25,54,84,75,34,36,32,91,39,23,54,59,60,71,62,54,71,82,26,54,20,38,20,70,8,29,42,16,86,16,20,36,55,27,92,27,71,77,38,77,52,32,64,38,18,97,73,55,37,46,57,31,100,61,25,32,56,31
2013-09,39,42,25,14,18,45,10,54,42,24,58,58,5,72,41,44,58,22,74,67,27,54,61,34,26,13,43,29,24,56,13,54,39,78,44,50,16,45,51,40,56,22,25,56,74,68,33,35,34,84,40,44,57,57,59,76,70,51,65,76,26,44,20,36,21,63,7,31,39,14,82,18,22,34,42,36,86,26,74,69,36,80,56,42,69,41,17,91,68,42,41,45,56,32,94,62,27,35,55,31
2013-10,40,43,28,14,19,46,10,62,41,21,52,56,5,72,42,43,58,22,55,67,31,57,58,35,27,16,44,27,24,56,15,63,48,79,49,60,17,44,56,34,57,30,26,55,51,67,35,37,32,81,39,26,58,58,63,65,77,55,61,71,27,41,25,35,22,71,8,31,46,17,87,19,22,38,53,41,84,27,82,66,37,84,60,38,82,47,18,86,73,60,40,47,50,33,91,62,27,30,65,51
2013-11,38,43,22,13,19,43,9,58,40,20,46,41,5,73,42,42,68,23,53,63,29,48,56,29,20,23,43,25,22,55,16,58,49,80,46,47,24,42,50,31,54,23,24,48,49,65,32,31,30,76,40,21,54,53,59,63,72,55,58,71,24,58,25,67,20,62,11,40,42,16,78,18,20,33,44,45,85,23,84,63,32,83,54,35,66,41,16,82,59,50,32,46,49,24,91,57,23,35,62,29
2013-12,38,40,19,11,16,42,8,60,39,16,50,40,4,80,39,46,83,21,50,62,25,37,51,28,20,12,40,21,18,51,11,55,37,79,41,40,18,39,47,28,49,21,25,42,45,69,28,27,28,85,37,20,50,47,61,68,58,59,62,73,23,79,23,74,17,67,15,31,38,12,75,18,40,32,42,35,91,24,70,65,33,80,46,32,61,44,17,87,58,45,29,48,53,20,89,59,22,29,55,28
2014-01,42,49,25,17,20,40,9,74,44,21,100,43,5,76,46,51,62,23,45,70,32,61,60,35,22,16,43,27,22,54,13,69,49,80,45,61,17,47,57,32,56,31,25,52,44,67,33,35,34,83,39,24,54,56,70,64,65,80,66,73,26,47,29,40,23,85,53,35,45,16,81,20,26,40,52,38,88,26,88,75,51,81,58,33,78,45,20,94,67,46,39,51,58,26,94,67,25,35,67,40
2014-02,45,46,27,15,20,43,9,67,45,25,58,45,5,72,45,48,57,26,40,71,34,63,60,36,24,14,46,28,24,52,13,60,49,81,44,60,16,51,62,32,57,27,23,54,43,66,34,31,34,85,40,24,56,54,70,67,70,62,68,77,26,42,31,36,24,71,92,31,45,16,85,18,26,30,48,35,88,27,82,78,47,79,57,29,76,44,19,90,70,53,42,51,54,26,94,70,26,38,59,46
2014-03,42,46,24,14,19,40,9,65,44,20,53,44,5,72,43,47,56,24,39,70,30,64,60,34,23,15,43,25,23,50,15,59,45,88,41,53,15,43,58,32,57,32,23,52,47,64,32,32,36,80,39,22,54,60,71,63,71,58,76,78,24,47,45,34,24,68,43,79,46,14,76,18,25,37,50,32,87,26,80,77,47,79,56,35,87,47,19,87,66,46,40,50,52,24,90,79,24,38,59,56
2014-04,42,45,25,16,19,48,9,59,42,19,51,46,5,73,42,46,55,21,38,68,30,77,64,57,29,16,46,25,23,50,14,57,53,89,42,61,14,41,65,33,58,29,22,58,50,64,41,33,35,80,38,21,55,68,68,62,71,58,76,77,25,45,36,31,25,67,37,44,41,19,83,17,27,32,55,27,87,25,78,75,37,79,55,27,90,48,18,85,73,47,46,49,52,25,87,79,25,34,59,46
2014-05,39,42,25,32,19,39,9,56,44,20,55,50,5,72,43,46,55,19,39,68,25,61,63,54,19,20,42,23,21,48,15,52,42,89,40,52,17,41,58,33,58,28,23,59,53,62,32,30,33,79,38,22,55,67,62,60,68,56,78,79,25,47,40,30,22,64,8,32,45,13,73,17,32,34,36,23,85,23,78,72,38,79,55,24,72,46,19,85,63,42,39,43,50,24,88,83,24,34,57,48
2014-06,39,51,24,13,19,43,9,57,43,22,58,46,5,75,48,45,55,20,42,69,28,63,75,47,22,12,42,26,22,48,17,53,39,85,39,55,14,42,71,32,57,26,20,56,62,61,31,35,32,78,36,22,53,64,67,59,60,58,77,77,24,47,31,32,22,62,6,31,43,13,72,17,28,33,37,21,85,25,80,70,40,79,55,19,85,51,19,87,68,45,42,45,53,23,85,80,26,34,59,36
2014-07,42,45,25,16,20,40,8,59,46,21,59,50,5,76,49,46,57,23,40,71,31,64,71,51,34,31,42,27,23,47,18,55,36,90,37,55,14,44,100,34,59,26,21,57,78,63,34,31,32,82,36,27,56,70,70,60,58,62,86,81,24,55,34,33,21,69,9,63,44,16,76,16,28,32,42,20,89,26,83,74,41,81,58,22,79,47,20,93,72,41,43,47,55,24,88,80,26,29,62,34
2014-08,41,43,24,14,17,39,8,56,43,24,58,48,5,76,47,43,60,19,42,70,23,62,66,43,25,9,41,25,20,48,15,55,41,93,38,58,15,43,64,31,57,27,22,57,86,63,30,29,32,78,36,25,56,65,67,61,62,63,88,81,25,55,43,36,22,63,8,36,45,14,72,14,33,34,46,23,93,21,76,75,38,81,52,25,69,45,19,98,100,46,39,45,72,22,91,78,24,31,58,41
2014-09,37,44,24,13,19,40,9,57,44,23,55,48,5,74,45,41,60,37,87,68,31,67,63,42,32,7,43,26,22,51,16,57,48,85,40,50,17,51,76,34,59,27,22,63,72,61,30,30,34,77,37,24,60,68,70,81,72,62,78,75,26,44,37,35,22,66,7,35,44,15,73,17,31,34,50,28,93,24,96,71,35,88,56,41,72,49,19,95,76,73,37,44,56,23,90,71,27,34,61,40
2014-10,37,46,26,16,20,40,8,60,44,22,56,44,5,73,46,41,66,24,56,66,28,79,60,45,23,13,42,26,21,52,12,61,63,83,40,62,14,46,92,35,60,23,21,64,52,59,29,34,34,76,39,22,58,65,69,69,72,62,74,73,26,39,37,32,22,70,8,32,43,20,78,17,31,32,52,33,89,26,88,67,35,90,58,34,83,47,18,88,67,52,37,45,52,24,86,76,26,35,67,43
2014-11,37,37,22,13,18,35,8,57,41,20,48,42,5,75,43,39,76,22,50,62,22,60,52,58,21,15,41,22,18,51,12,60,39,83,37,55,21,44,70,37,56,20,21,100,45,56,28,25,30,75,37,21,55,61,71,64,67,64,74,76,24,58,35,63,19,66,12,31,43,12,71,16,27,29,30,36,88,21,78,63,32,90,53,34,68,45,19,83,64,42,35,42,51,20,80,72,24,32,67,40
2014-12,35,34,20,12,16,35,7,58,39,23,52,35,4,77,40,40,85,19,48,61,25,45,53,32,19,12,38,20,16,49,12,57,33,79,36,52,16,39,72,31,51,23,21,51,44,59,27,26,27,78,36,18,50,57,78,65,59,67,81,72,20,75,34,63,20,65,13,30,39,11,75,14,28,33,40,29,94,22,73,61,32,88,46,32,74,43,19,88,54,37,37,45,52,24,84,76,22,29,62,39
2015-01,37,44,24,14,17,35,8,64,42,24,56,40,5,72,43,44,69,22,42,71,28,66,55,34,28,12,38,23,17,50,11,64,38,79,36,65,16,40,76,32,54,29,19,63,51,57,29,31,31,76,38,21,54,64,78,57,62,94,84,75,24,46,35,35,25,72,56,32,43,13,73,16,28,30,40,35,91,20,82,69,49,83,55,27,79,48,20,90,65,41,37,45,51,22,83,91,24,33,69,44
2015-02,42,43,25,14,18,33,8,100,42,20,58,54,5,71,46,45,63,25,40,70,26,71,59,36,26,22,39,25,19,51,14,60,45,84,37,69,16,44,79,36,57,28,21,54,56,57,30,31,33,77,38,22,55,72,74,52,67,73,85,77,26,40,42,32,24,75,83,31,49,15,79,17,34,30,46,30,91,22,89,76,51,83,58,28,83,54,20,88,78,49,39,49,48,23,80,79,23,41,65,44
2015-03,40,44,24,17,19,30,8,67,39,18,58,47,5,69,47,46,60,24,46,70,24,70,63,41,23,16,38,23,18,48,12,56,58,94,36,74,14,45,90,35,60,28,20,46,48,54,31,32,33,75,39,21,57,72,68,49,71,66,82,85,26,43,54,30,36,80,45,34,47,15,74,17,37,31,33,25,90,22,86,75,44,82,60,30,88,52,18,83,69,48,38,46,48,24,78,73,25,33,63,33
2015-04,39,46,25,17,19,33,8,60,38,17,59,46,5,69,47,45,59,24,41,71,26,67,63,36,23,22,39,23,17,49,13,55,44,90,36,68,16,46,76,33,60,23,22,45,49,56,34,32,33,76,38,28,55,74,72,49,68,67,79,84,26,44,47,30,30,80,38,32,46,16,81,17,35,34,43,22,94,20,80,73,42,83,61,24,90,53,19,85,72,49,39,48,48,21,76,92,24,34,62,38
2015-05,35,43,24,28,18,31,7,51,39,15,53,42,5,68,47,47,60,20,39,69,24,100,60,33,23,12,36,23,16,49,12,50,44,93,33,60,14,45,70,31,58,20,20,43,49,55,28,27,31,76,37,20,54,69,68,50,61,65,80,85,23,46,52,31,24,65,8,29,44,15,71,15,100,31,26,19,93,18,80,73,48,81,54,24,78,50,19,84,64,45,38,40,53,19,78,90,22,31,56,31
2015-06,36,51,25,15,19,31,7,56,40,17,65,45,5,71,51,49,60,22,43,76,29,89,66,40,22,9,37,72,17,52,11,58,41,93,33,67,16,49,68,32,60,23,21,38,59,57,30,31,33,76,38,20,55,75,73,55,60,70,100,89,26,47,41,32,25,65,7,34,43,15,76,18,62,36,25,19,95,18,83,72,47,80,60,18,80,61,19,88,72,54,40,40,51,19,79,84,25,34,68,35
2015-07,37,52,25,15,20,33,7,61,39,16,66,45,5,72,52,50,67,22,43,76,29,71,65,53,23,14,38,25,17,53,13,61,64,95,36,72,13,52,66,31,58,22,20,41,70,58,28,34,33,80,37,19,53,71,70,56,56,72,98,92,25,52,40,34,35,67,9,34,52,13,80,16,43,30,34,19,100,21,83,74,47,81,59,19,100,100,21,94,85,70,42,43,51,24,83,100,43,32,73,32
2015-08,36,45,25,14,17,31,7,54,36,15,68,44,5,71,47,49,68,30,43,76,28,60,64,42,28,15,38,22,15,51,11,54,40,98,32,68,20,48,64,32,59,24,20,37,73,59,30,31,29,82,37,21,54,72,69,57,62,71,94,94,25,53,49,37,25,68,8,32,45,13,71,15,41,29,31,20,100,23,79,73,46,81,56,22,79,66,22,100,86,86,47,44,55,26,92,99,26,37,65,41
2015-09,34,45,24,15,17,29,7,53,39,14,63,47,5,68,48,46,65,30,63,71,29,83,61,41,24,10,37,25,16,52,11,55,43,91,32,70,13,53,68,37,60,24,21,37,60,55,28,43,28,72,37,18,56,75,65,62,66,68,86,87,26,43,37,34,25,66,8,32,48,15,77,16,38,31,31,24,96,21,86,68,43,89,62,36,79,62,19,96,80,54,45,38,52,32,83,86,26,32,63,34
2015-10,36,50,24,16,18,27,8,55,40,13,64,44,5,68,48,50,71,32,49,67,26,71,66,59,25,12,35,23,16,52,11,61,39,86,33,71,15,49,75,32,59,23,21,37,45,53,28,28,28,74,36,18,55,66,62,55,69,71,81,83,25,39,37,33,32,67,9,33,47,14,71,17,40,32,31,31,96,20,84,64,41,92,61,31,74,58,20,88,80,53,42,39,49,21,79,82,50,34,71,26
2015-11,31,43,22,14,16,30,7,60,38,20,58,43,5,68,45,50,83,22,47,64,23,67,56,100,21,15,33,22,15,53,12,62,58,82,32,67,36,45,63,29,57,22,20,32,43,51,26,30,25,77,36,17,54,62,59,53,63,70,75,81,24,60,34,65,21,66,12,30,42,11,66,15,39,30,26,40,90,17,88,57,35,90,56,29,75,54,18,81,66,49,38,36,47,21,74,95,23,31,72,29
2015-12,31,39,20,12,15,31,6,59,34,10,57,36,4,72,44,53,93,28,48,65,21,57,54,44,20,21,30,18,13,49,11,59,41,84,30,67,19,41,57,27,55,20,24,33,44,55,25,24,23,82,34,15,50,59,59,55,55,76,84,83,22,79,29,63,18,61,12,27,40,10,66,15,39,29,38,30,97,17,80,59,37,90,48,28,70,51,19,89,65,57,33,38,47,25,72,85,22,28,65,24
2016-01,37,48,23,15,17,32,7,67,39,14,62,38,5,70,46,55,75,38,44,67,33,73,57,42,21,16,29,22,14,51,12,67,42,85,31,80,21,43,66,29,57,21,28,34,46,52,26,30,27,78,34,19,53,70,56,53,58,100,88,85,25,48,38,36,23,69,51,30,45,12,71,15,40,33,33,31,92,20,85,66,58,86,56,26,84,68,19,87,68,59,36,44,49,30,82,84,31,32,74,34
2016-02,38,46,25,15,19,41,7,70,39,13,61,40,5,68,48,52,66,29,42,70,28,65,64,48,25,9,30,22,16,50,14,59,44,90,31,71,27,44,69,33,58,26,22,31,44,53,27,30,26,82,35,20,57,69,58,48,63,76,87,86,29,40,45,33,23,67,79,31,50,15,75,16,42,31,43,24,94,20,89,70,66,85,61,31,74,67,19,85,74,56,40,42,46,53,73,90,31,41,68,29
2016-03,39,45,24,15,19,42,7,59,37,13,64,41,5,67,47,56,66,25,47,73,28,72,60,47,22,9,31,23,16,50,9,55,47,95,31,73,21,44,66,31,61,24,21,31,41,53,28,33,25,80,35,20,57,71,56,51,63,72,87,90,27,43,45,31,23,66,41,35,47,15,72,16,38,30,38,22,96,19,86,69,51,81,61,29,74,67,19,80,76,70,38,44,45,64,71,77,28,32,65,29
2016-04,37,45,23,14,20,24,7,55,37,11,72,40,5,66,49,54,66,29,43,71,27,69,60,81,25,32,30,23,15,48,12,53,54,89,30,84,17,43,73,34,63,23,22,42,45,53,27,30,26,80,34,19,57,70,52,51,63,71,90,89,30,44,49,29,25,63,38,29,48,15,73,16,30,30,32,22,93,18,88,68,44,84,58,21,75,70,22,80,72,52,43,43,46,30,72,70,30,33,60,29
2016-05,32,45,22,27,18,25,6,54,35,17,63,42,5,66,47,57,66,25,39,68,26,63,56,48,24,12,29,22,15,47,11,50,41,88,29,75,23,42,65,32,61,22,21,42,45,50,25,31,26,77,34,22,56,66,51,48,59,65,87,90,27,46,48,30,23,60,8,28,46,14,66,15,27,29,28,20,92,17,81,68,49,80,59,20,70,62,19,77,71,56,42,36,50,28,70,72,30,40,59,20
2016-06,35,50,22,13,18,22,6,53,36,12,68,39,5,70,52,59,68,24,40,77,26,68,66,44,30,16,31,21,15,50,10,53,43,95,29,76,17,44,66,30,61,24,21,30,51,53,26,33,26,82,35,20,57,69,57,52,56,71,89,93,28,46,37,31,23,65,7,29,49,16,65,16,27,32,24,18,95,20,82,70,53,79,63,18,74,70,20,89,74,53,46,40,49,22,69,69,34,34,60,28
2016-07,36,44,22,13,19,22,7,57,35,11,68,41,5,66,51,61,73,34,41,74,29,58,75,43,25,10,29,20,14,50,9,54,40,100,27,76,13,44,60,29,59,25,19,29,62,54,25,30,23,87,34,20,56,70,58,54,52,69,92,100,27,54,37,34,21,63,9,32,48,12,64,15,24,28,27,18,97,17,79,73,60,78,58,19,76,68,19,89,74,52,45,41,51,18,71,85,34,32,62,24
2016-08,36,45,23,13,19,24,6,61,35,12,73,42,5,63,50,58,72,49,42,75,30,63,70,47,28,10,29,21,14,50,11,67,37,96,28,78,12,43,61,31,63,24,22,29,68,53,25,28,23,84,35,23,59,71,60,56,57,73,99,96,26,51,38,35,28,65,8,28,47,14,69,20,26,33,25,20,97,17,80,73,48,82,60,21,71,74,21,91,79,60,48,41,55,24,72,72,38,36,65,25
2016-09,33,45,22,14,17,31,6,71,38,35,78,36,5,60,48,51,73,37,74,71,30,63,73,45,26,13,30,21,15,48,10,56,40,88,30,79,13,48,65,31,60,22,21,27,57,51,25,33,23,78,35,22,58,71,56,65,63,71,88,90,28,41,36,33,26,73,7,29,46,13,70,16,24,31,24,23,92,23,80,65,44,87,60,36,73,70,18,82,75,54,41,37,53,25,69,72,38,36,65,21
2016-10,31,47,21,14,18,27,6,64,37,15,66,36,5,60,46,51,79,33,56,67,26,63,66,43,23,11,30,20,14,49,13,60,35,84,31,70,17,41,65,30,60,21,20,48,44,49,25,29,23,74,35,21,59,69,53,58,64,69,83,87,27,39,35,31,22,69,8,28,46,14,67,18,23,28,30,26,89,17,80,61,44,90,59,28,67,73,17,83,75,47,40,35,49,19,68,80,36,29,67,20
2016-11,33,45,23,15,18,23,6,64,36,16,61,58,5,61,50,47,93,44,53,65,25,75,56,46,22,10,28,19,14,52,9,62,38,81,31,64,17,43,64,29,60,18,20,40,41,49,24,28,24,75,34,22,58,70,51,53,63,70,80,83,25,58,35,64,22,67,12,27,46,12,64,16,25,27,25,30,89,20,80,57,44,95,58,29,75,70,19,75,72,53,38,38,45,18,65,67,37,31,74,23
2016-12,34,39,18,12,15,23,5,59,34,12,63,35,4,64,48,49,100,34,50,64,24,88,52,38,19,18,26,17,12,47,9,56,34,84,27,60,14,39,54,27,56,19,21,27,41,51,23,27,21,82,33,19,52,59,48,54,51,75,92,91,23,77,32,59,22,60,11,41,41,9,63,14,23,25,21,26,91,17,75,59,48,93,48,24,65,59,19,80,63,41,37,41,46,22,64,61,35,27,65,25
2017-01,34,47,19,15,18,28,6,69,36,14,62,36,5,60,47,52,80,41,43,68,31,70,56,43,25,21,27,19,14,50,11,68,39,77,29,88,12,41,67,30,58,23,19,30,41,48,25,31,24,74,34,21,57,67,53,52,57,97,86,83,28,44,41,33,24,72,47,30,45,10,67,17,22,26,27,31,86,19,87,64,62,86,57,24,76,68,19,79,69,45,42,41,45,19,69,66,37,30,79,27
2017-02,35,46,23,16,19,26,7,62,39,14,68,37,5,58,46,48,73,47,42,68,28,67,56,48,25,29,30,20,15,53,12,58,43,79,30,85,17,45,66,31,61,22,20,30,44,49,25,29,25,75,36,25,60,71,53,49,63,77,94,85,28,38,60,30,25,72,80,31,47,13,73,17,22,27,30,27,87,20,86,69,54,84,60,25,78,72,19,75,78,46,41,46,43,21,66,65,45,36,73,29
